ADHD,,,10000,名詞,一般,*,*,*,*,*,*,*,medical_202410
ADPKD,,,10000,名詞,一般,*,*,*,*,*,*,*,medical_202410
AIDS,,,10000,名詞,一般,*,*,*,*,*,*,*,medical_202410
ALS,,,10000,名詞,一般,*,*,*,*,*,*,*,medical_202410
ARPKD,,,10000,名詞,一般,*,*,*,*,*,*,*,medical_202410
A型肝炎,,,10000,名詞,一般,*,*,*,*,*,*,*,medical_202410
B型肝炎,,,10000,名詞,一般,*,*,*,*,*,*,*,medical_202410
C型肝炎,,,10000,名詞,一般,*,*,*,*,*,*,*,medical_202410
COVID-19,,,10000,名詞,一般,*,*,*,*,*,*,*,medical_202410
GIST,,,10000,名詞,一般,*,*,*,*,*,*,*,medical_202410
O157,,,10000,名詞,一般,*,*,*,*,*,*,*,medical_202410
SARS,,,10000,名詞,一般,*,*,*,*,*,*,*,medical_202410
WPW症候群,,,10000,名詞,一般,*,*,*,*,*,*,*,medical_202410
アーノルド・キアリ奇形,,,10000,名詞,一般,*,*,*,*,*,*,*,medical_202410
アジソン病,,,10000,名詞,一般,*,*,*,*,*,*,*,medical_202410
アディソン病,,,10000,名詞,一般,*,*,*,*,*,*,*,medical_202410
アテローム,,,10000,名詞,一般,*,*,*,*,*,*,*,medical_202410
アルツハイマー,,,10000,名詞,一般,*,*,*,*,*,*,*,medical_202410
アルツハイマー病,,,10000,名詞,一般,*,*,*,*,*,*,*,medical_202410
アルビノ,,,10000,名詞,一般,*,*,*,*,*,*,*,medical_202410
アルブライト遺伝性骨異栄養症,,,10000,名詞,一般,*,*,*,*,*,*,*,medical_202410
アルブライト症候群,,,10000,名詞,一般,*,*,*,*,*,*,*,medical_202410
アルポート症候群,,,10000,名詞,一般,*,*,*,*,*,*,*,medical_202410
アレルギー性結膜炎,,,10000,名詞,一般,*,*,*,*,*,*,*,medical_202410
アレルギー性紫斑病,,,10000,名詞,一般,*,*,*,*,*,*,*,medical_202410
アレルギー性肉芽腫性血管炎,,,10000,名詞,一般,*,*,*,*,*,*,*,medical_202410
アレルギー性鼻炎,,,10000,名詞,一般,*,*,*,*,*,*,*,medical_202410
アンジェルマン症候群,,,10000,名詞,一般,*,*,*,*,*,*,*,medical_202410
アンダーセン病,,,10000,名詞,一般,*,*,*,*,*,*,*,medical_202410
アントン症候群,,,10000,名詞,一般,*,*,*,*,*,*,*,medical_202410
インキン,,,10000,名詞,一般,*,*,*,*,*,*,*,medical_202410
いんきん,,,10000,名詞,一般,*,*,*,*,*,*,*,medical_202410
インフル,,,10000,名詞,一般,*,*,*,*,*,*,*,medical_202410
インフルエンザ,,,10000,名詞,一般,*,*,*,*,*,*,*,medical_202410
インポテンス,,,10000,名詞,一般,*,*,*,*,*,*,*,medical_202410
インポテンツ,,,10000,名詞,一般,*,*,*,*,*,*,*,medical_202410
ウィリアムズ症候群,,,10000,名詞,一般,*,*,*,*,*,*,*,medical_202410
ウィルソン病,,,10000,名詞,一般,*,*,*,*,*,*,*,medical_202410
ウィルムス腫瘍,,,10000,名詞,一般,*,*,*,*,*,*,*,medical_202410
ウェルドニッヒ・ホフマン病,,,10000,名詞,一般,*,*,*,*,*,*,*,medical_202410
ヴェルドニヒ-ホフマン病,,,10000,名詞,一般,*,*,*,*,*,*,*,medical_202410
ウェルマー症候群,,,10000,名詞,一般,*,*,*,*,*,*,*,medical_202410
うおの目,,,10000,名詞,一般,*,*,*,*,*,*,*,medical_202410
ウォルフ・パーキンソン・ホワイト症候群,,,10000,名詞,一般,*,*,*,*,*,*,*,medical_202410
エイズ,,,10000,名詞,一般,*,*,*,*,*,*,*,medical_202410
エコノミークラス症候群,,,10000,名詞,一般,*,*,*,*,*,*,*,medical_202410
エンプティ・セラ症候群,,,10000,名詞,一般,*,*,*,*,*,*,*,medical_202410
オールブライト遺伝性骨異栄養症,,,10000,名詞,一般,*,*,*,*,*,*,*,medical_202410
おたふく風邪,,,10000,名詞,一般,*,*,*,*,*,*,*,medical_202410
オリーブ橋小脳萎縮症,,,10000,名詞,一般,*,*,*,*,*,*,*,medical_202410
オルブライト遺伝性骨異栄養症,,,10000,名詞,一般,*,*,*,*,*,*,*,medical_202410
オルブライト症候群,,,10000,名詞,一般,*,*,*,*,*,*,*,medical_202410
お多福風邪,,,10000,名詞,一般,*,*,*,*,*,*,*,medical_202410
カーンズ・セイヤー症候群,,,10000,名詞,一般,*,*,*,*,*,*,*,medical_202410
かぶれ,,,10000,名詞,一般,*,*,*,*,*,*,*,medical_202410
カルブンケル,,,10000,名詞,一般,*,*,*,*,*,*,*,medical_202410
カルマン症候群,,,10000,名詞,一般,*,*,*,*,*,*,*,medical_202410
ガン,,,10000,名詞,一般,*,*,*,*,*,*,*,medical_202410
がん,,,10000,名詞,一般,*,*,*,*,*,*,*,medical_202410
キアリ奇形,,,10000,名詞,一般,*,*,*,*,*,*,*,medical_202410
ぎっくり腰,,,10000,名詞,一般,*,*,*,*,*,*,*,medical_202410
ギラン・バレー症候群,,,10000,名詞,一般,*,*,*,*,*,*,*,medical_202410
ギラン・バレ症候群,,,10000,名詞,一般,*,*,*,*,*,*,*,medical_202410
ギランバレー症候群,,,10000,名詞,一般,*,*,*,*,*,*,*,medical_202410
ギラン-バレー症候群,,,10000,名詞,一般,*,*,*,*,*,*,*,medical_202410
ギランバレ症候群,,,10000,名詞,一般,*,*,*,*,*,*,*,medical_202410
ギラン-バレ症候群,,,10000,名詞,一般,*,*,*,*,*,*,*,medical_202410
クーゲルベルグ・ウェランダー病,,,10000,名詞,一般,*,*,*,*,*,*,*,medical_202410
クーゲルベルク-ヴェランダー病,,,10000,名詞,一般,*,*,*,*,*,*,*,medical_202410
クールー病,,,10000,名詞,一般,*,*,*,*,*,*,*,medical_202410
くちびー,,,10000,名詞,一般,*,*,*,*,*,*,*,medical_202410
クッシング症候群,,,10000,名詞,一般,*,*,*,*,*,*,*,medical_202410
クッシング病,,,10000,名詞,一般,*,*,*,*,*,*,*,medical_202410
グッドパスチャー症候群,,,10000,名詞,一般,*,*,*,*,*,*,*,medical_202410
くも膜下出血,,,10000,名詞,一般,*,*,*,*,*,*,*,medical_202410
クラインフェルター症候群,,,10000,名詞,一般,*,*,*,*,*,*,*,medical_202410
クラッシュ・シンドローム,,,10000,名詞,一般,*,*,*,*,*,*,*,medical_202410
クラッベ病,,,10000,名詞,一般,*,*,*,*,*,*,*,medical_202410
グランツマンの血小板無力症,,,10000,名詞,一般,*,*,*,*,*,*,*,medical_202410
クリューヴァー・ビューシー症候群,,,10000,名詞,一般,*,*,*,*,*,*,*,medical_202410
クルーヴァー・ビューシー症候群,,,10000,名詞,一般,*,*,*,*,*,*,*,medical_202410
クレチン症,,,10000,名詞,一般,*,*,*,*,*,*,*,medical_202410
クロイツフェルト・ヤコブ病,,,10000,名詞,一般,*,*,*,*,*,*,*,medical_202410
クローン病,,,10000,名詞,一般,*,*,*,*,*,*,*,medical_202410
ケーンズ-セイヤー症候群,,,10000,名詞,一般,*,*,*,*,*,*,*,medical_202410
ゴーシェ病,,,10000,名詞,一般,*,*,*,*,*,*,*,medical_202410
ゴードン症候群,,,10000,名詞,一般,*,*,*,*,*,*,*,medical_202410
コーリ病,,,10000,名詞,一般,*,*,*,*,*,*,*,medical_202410
こしけ,,,10000,名詞,一般,*,*,*,*,*,*,*,medical_202410
コレラ,,,10000,名詞,一般,*,*,*,*,*,*,*,medical_202410
コロナ,,,10000,名詞,一般,*,*,*,*,*,*,*,medical_202410
コンパートメント症候群,,,10000,名詞,一般,*,*,*,*,*,*,*,medical_202410
コン症候群,,,10000,名詞,一般,*,*,*,*,*,*,*,medical_202410
サンドホフ病,,,10000,名詞,一般,*,*,*,*,*,*,*,medical_202410
シーハン症候群,,,10000,名詞,一般,*,*,*,*,*,*,*,medical_202410
シェーンライン-ヘノッホ紫斑病,,,10000,名詞,一般,*,*,*,*,*,*,*,medical_202410
シップル症候群,,,10000,名詞,一般,*,*,*,*,*,*,*,medical_202410
シャルコー・マリー・トゥース病,,,10000,名詞,一般,*,*,*,*,*,*,*,medical_202410
シャルコー-マリー-トゥース病,,,10000,名詞,一般,*,*,*,*,*,*,*,medical_202410
シュミット症候群,,,10000,名詞,一般,*,*,*,*,*,*,*,medical_202410
ショイエルマン病,,,10000,名詞,一般,*,*,*,*,*,*,*,medical_202410
しらくも,,,10000,名詞,一般,*,*,*,*,*,*,*,medical_202410
シンスプリント,,,10000,名詞,一般,*,*,*,*,*,*,*,medical_202410
シンドロームX,,,10000,名詞,一般,*,*,*,*,*,*,*,medical_202410
スティッフパーソン症候群,,,10000,名詞,一般,*,*,*,*,*,*,*,medical_202410
スティッフマン症候群,,,10000,名詞,一般,*,*,*,*,*,*,*,medical_202410
スティフ・マン症候群,,,10000,名詞,一般,*,*,*,*,*,*,*,medical_202410
ステロイド皮膚症,,,10000,名詞,一般,*,*,*,*,*,*,*,medical_202410
ぜにたむし,,,10000,名詞,一般,*,*,*,*,*,*,*,medical_202410
ぜに田虫,,,10000,名詞,一般,*,*,*,*,*,*,*,medical_202410
ぜんそく,,,10000,名詞,一般,*,*,*,*,*,*,*,medical_202410
ターナー症候群,,,10000,名詞,一般,*,*,*,*,*,*,*,medical_202410
ダウン症候群,,,10000,名詞,一般,*,*,*,*,*,*,*,medical_202410
たづ,,,10000,名詞,一般,*,*,*,*,*,*,*,medical_202410
ダブリューピーダブリュー症候群,,,10000,名詞,一般,*,*,*,*,*,*,*,medical_202410
タムシ,,,10000,名詞,一般,*,*,*,*,*,*,*,medical_202410
たんがさー,,,10000,名詞,一般,*,*,*,*,*,*,*,medical_202410
チャーグ・ストラウス症候群,,,10000,名詞,一般,*,*,*,*,*,*,*,medical_202410
チャーグ-ストラウス症候群,,,10000,名詞,一般,*,*,*,*,*,*,*,medical_202410
つづらご,,,10000,名詞,一般,*,*,*,*,*,*,*,medical_202410
テイ＝サックス病,,,10000,名詞,一般,*,*,*,*,*,*,*,medical_202410
テイ・サックス病,,,10000,名詞,一般,*,*,*,*,*,*,*,medical_202410
テイ-サックス病,,,10000,名詞,一般,*,*,*,*,*,*,*,medical_202410
ディジョージ症候群,,,10000,名詞,一般,*,*,*,*,*,*,*,medical_202410
デジェリン-ソッタ病,,,10000,名詞,一般,*,*,*,*,*,*,*,medical_202410
テニス肘,,,10000,名詞,一般,*,*,*,*,*,*,*,medical_202410
とびひ,,,10000,名詞,一般,*,*,*,*,*,*,*,medical_202410
トリインフル,,,10000,名詞,一般,*,*,*,*,*,*,*,medical_202410
トリインフルエンザ,,,10000,名詞,一般,*,*,*,*,*,*,*,medical_202410
トルコ鞍空虚症候群,,,10000,名詞,一般,*,*,*,*,*,*,*,medical_202410
ナルコレプシー,,,10000,名詞,一般,*,*,*,*,*,*,*,medical_202410
ニーマン・ピック病,,,10000,名詞,一般,*,*,*,*,*,*,*,medical_202410
ニーマン-ピック病,,,10000,名詞,一般,*,*,*,*,*,*,*,medical_202410
ネフローゼ症候群,,,10000,名詞,一般,*,*,*,*,*,*,*,medical_202410
パーキンソン症候群,,,10000,名詞,一般,*,*,*,*,*,*,*,medical_202410
パーキンソン病,,,10000,名詞,一般,*,*,*,*,*,*,*,medical_202410
バージャー病,,,10000,名詞,一般,*,*,*,*,*,*,*,medical_202410
バーター症候群,,,10000,名詞,一般,*,*,*,*,*,*,*,medical_202410
バセドウ病,,,10000,名詞,一般,*,*,*,*,*,*,*,medical_202410
バルデー・ビードル症候群,,,10000,名詞,一般,*,*,*,*,*,*,*,medical_202410
ハンセン氏病,,,10000,名詞,一般,*,*,*,*,*,*,*,medical_202410
ハンセン病,,,10000,名詞,一般,*,*,*,*,*,*,*,medical_202410
ハンチントン病,,,10000,名詞,一般,*,*,*,*,*,*,*,medical_202410
ハンチントン舞踏病,,,10000,名詞,一般,*,*,*,*,*,*,*,medical_202410
バンチ症候群,,,10000,名詞,一般,*,*,*,*,*,*,*,medical_202410
ひだこ,,,10000,名詞,一般,*,*,*,*,*,*,*,medical_202410
ファブリー病,,,10000,名詞,一般,*,*,*,*,*,*,*,medical_202410
ファブリ病,,,10000,名詞,一般,*,*,*,*,*,*,*,medical_202410
ファンコーニ貧血,,,10000,名詞,一般,*,*,*,*,*,*,*,medical_202410
ブールハーヴェ症候群,,,10000,名詞,一般,*,*,*,*,*,*,*,medical_202410
フォン・ギールケ病,,,10000,名詞,一般,*,*,*,*,*,*,*,medical_202410
ふけ,,,10000,名詞,一般,*,*,*,*,*,*,*,medical_202410
ブラウント病,,,10000,名詞,一般,*,*,*,*,*,*,*,medical_202410
プラダー・ウィリー症候群,,,10000,名詞,一般,*,*,*,*,*,*,*,medical_202410
ブラント病,,,10000,名詞,一般,*,*,*,*,*,*,*,medical_202410
プランマー病,,,10000,名詞,一般,*,*,*,*,*,*,*,medical_202410
フリードライヒ運動失調症,,,10000,名詞,一般,*,*,*,*,*,*,*,medical_202410
フリードライヒ症候群,,,10000,名詞,一般,*,*,*,*,*,*,*,medical_202410
プリングル病,,,10000,名詞,一般,*,*,*,*,*,*,*,medical_202410
ブルセラ症,,,10000,名詞,一般,*,*,*,*,*,*,*,medical_202410
フルンケル,,,10000,名詞,一般,*,*,*,*,*,*,*,medical_202410
ペスト,,,10000,名詞,一般,*,*,*,*,*,*,*,medical_202410
ペルテス病,,,10000,名詞,一般,*,*,*,*,*,*,*,medical_202410
ヘルニア,,,10000,名詞,一般,*,*,*,*,*,*,*,medical_202410
ボールハーフェ症候群,,,10000,名詞,一般,*,*,*,*,*,*,*,medical_202410
ホジキンリンパ腫,,,10000,名詞,一般,*,*,*,*,*,*,*,medical_202410
ホジキン病,,,10000,名詞,一般,*,*,*,*,*,*,*,medical_202410
ボツリヌス症,,,10000,名詞,一般,*,*,*,*,*,*,*,medical_202410
ポリープ,,,10000,名詞,一般,*,*,*,*,*,*,*,medical_202410
ポリオ,,,10000,名詞,一般,*,*,*,*,*,*,*,medical_202410
ホルモン異常,,,10000,名詞,一般,*,*,*,*,*,*,*,medical_202410
ボンネビル病,,,10000,名詞,一般,*,*,*,*,*,*,*,medical_202410
ポンペ病,,,10000,名詞,一般,*,*,*,*,*,*,*,medical_202410
マールブルグ熱,,,10000,名詞,一般,*,*,*,*,*,*,*,medical_202410
マッカードル病,,,10000,名詞,一般,*,*,*,*,*,*,*,medical_202410
マラリア,,,10000,名詞,一般,*,*,*,*,*,*,*,medical_202410
マルファン症候群,,,10000,名詞,一般,*,*,*,*,*,*,*,medical_202410
マロリー・ワイス症候群,,,10000,名詞,一般,*,*,*,*,*,*,*,medical_202410
ミトコンドリア病,,,10000,名詞,一般,*,*,*,*,*,*,*,medical_202410
ムコ多糖症,,,10000,名詞,一般,*,*,*,*,*,*,*,medical_202410
ムコ多糖代謝異常症,,,10000,名詞,一般,*,*,*,*,*,*,*,medical_202410
メタボリックシンドローム,,,10000,名詞,一般,*,*,*,*,*,*,*,medical_202410
メチル水銀中毒症,,,10000,名詞,一般,*,*,*,*,*,*,*,medical_202410
メニエール症候群,,,10000,名詞,一般,*,*,*,*,*,*,*,medical_202410
メニトリエ病,,,10000,名詞,一般,*,*,*,*,*,*,*,medical_202410
メネトリエ病,,,10000,名詞,一般,*,*,*,*,*,*,*,medical_202410
メビウス症候群,,,10000,名詞,一般,*,*,*,*,*,*,*,medical_202410
メラノーマ,,,10000,名詞,一般,*,*,*,*,*,*,*,medical_202410
ヤコブ病,,,10000,名詞,一般,*,*,*,*,*,*,*,medical_202410
ライム病,,,10000,名詞,一般,*,*,*,*,*,*,*,medical_202410
ラッサ熱,,,10000,名詞,一般,*,*,*,*,*,*,*,medical_202410
ランチメイト症候群,,,10000,名詞,一般,*,*,*,*,*,*,*,medical_202410
ランチメート症候群,,,10000,名詞,一般,*,*,*,*,*,*,*,medical_202410
リウマチ,,,10000,名詞,一般,*,*,*,*,*,*,*,medical_202410
リウマチ熱,,,10000,名詞,一般,*,*,*,*,*,*,*,medical_202410
リドル症候群,,,10000,名詞,一般,*,*,*,*,*,*,*,medical_202410
リベド血管炎,,,10000,名詞,一般,*,*,*,*,*,*,*,medical_202410
りんご病,,,10000,名詞,一般,*,*,*,*,*,*,*,medical_202410
ルイ・バール症候群,,,10000,名詞,一般,*,*,*,*,*,*,*,medical_202410
ルイ・バー症候群,,,10000,名詞,一般,*,*,*,*,*,*,*,medical_202410
レッシュ・ナイハン症候群,,,10000,名詞,一般,*,*,*,*,*,*,*,medical_202410
ローレンス・ムーン・ビードル症候群,,,10000,名詞,一般,*,*,*,*,*,*,*,medical_202410
ローレンス-ムーン-ビードル症候群,,,10000,名詞,一般,*,*,*,*,*,*,*,medical_202410
ワーマー症候群,,,10000,名詞,一般,*,*,*,*,*,*,*,medical_202410
ワイル病,,,10000,名詞,一般,*,*,*,*,*,*,*,medical_202410
ワレンベルク症候群,,,10000,名詞,一般,*,*,*,*,*,*,*,medical_202410
ワレンベルグ症候群,,,10000,名詞,一般,*,*,*,*,*,*,*,medical_202410
亜急性硬化性全脳炎,,,10000,名詞,一般,*,*,*,*,*,*,*,medical_202410
亜急性細菌性心内膜炎,,,10000,名詞,一般,*,*,*,*,*,*,*,medical_202410
悪寒,,,10000,名詞,一般,*,*,*,*,*,*,*,medical_202410
悪心,,,10000,名詞,一般,*,*,*,*,*,*,*,medical_202410
悪性リンパ腫,,,10000,名詞,一般,*,*,*,*,*,*,*,medical_202410
悪性黒色腫,,,10000,名詞,一般,*,*,*,*,*,*,*,medical_202410
悪性腫瘍,,,10000,名詞,一般,*,*,*,*,*,*,*,medical_202410
悪露,,,10000,名詞,一般,*,*,*,*,*,*,*,medical_202410
胃ガン,,,10000,名詞,一般,*,*,*,*,*,*,*,medical_202410
胃がん,,,10000,名詞,一般,*,*,*,*,*,*,*,medical_202410
胃癌,,,10000,名詞,一般,*,*,*,*,*,*,*,medical_202410
胃巨大皺襞症,,,10000,名詞,一般,*,*,*,*,*,*,*,medical_202410
遺伝性運動感覚性ニューロパチー,,,10000,名詞,一般,*,*,*,*,*,*,*,medical_202410
一過性脳虚血発作,,,10000,名詞,一般,*,*,*,*,*,*,*,medical_202410
陰萎,,,10000,名詞,一般,*,*,*,*,*,*,*,medical_202410
陰金田虫,,,10000,名詞,一般,*,*,*,*,*,*,*,medical_202410
右脚ブロック,,,10000,名詞,一般,*,*,*,*,*,*,*,medical_202410
円形脱毛症,,,10000,名詞,一般,*,*,*,*,*,*,*,medical_202410
延髄外側症候群,,,10000,名詞,一般,*,*,*,*,*,*,*,medical_202410
黄疸出血性レプトスピラ症,,,10000,名詞,一般,*,*,*,*,*,*,*,medical_202410
下垂体腫瘍性糖質ホルモン過剰症,,,10000,名詞,一般,*,*,*,*,*,*,*,medical_202410
下物,,,10000,名詞,一般,*,*,*,*,*,*,*,medical_202410
下痢,,,10000,名詞,一般,*,*,*,*,*,*,*,medical_202410
化学物質過敏症,,,10000,名詞,一般,*,*,*,*,*,*,*,medical_202410
仮性球麻痺,,,10000,名詞,一般,*,*,*,*,*,*,*,medical_202410
火傷,,,10000,名詞,一般,*,*,*,*,*,*,*,medical_202410
花粉症,,,10000,名詞,一般,*,*,*,*,*,*,*,medical_202410
壊死性腸炎,,,10000,名詞,一般,*,*,*,*,*,*,*,medical_202410
外傷後健忘,,,10000,名詞,一般,*,*,*,*,*,*,*,medical_202410
外反母趾,,,10000,名詞,一般,*,*,*,*,*,*,*,medical_202410
咳,,,10000,名詞,一般,*,*,*,*,*,*,*,medical_202410
咳嗽,,,10000,名詞,一般,*,*,*,*,*,*,*,medical_202410
顎関節症,,,10000,名詞,一般,*,*,*,*,*,*,*,medical_202410
顎関節脱臼,,,10000,名詞,一般,*,*,*,*,*,*,*,medical_202410
冠動脈疾患,,,10000,名詞,一般,*,*,*,*,*,*,*,medical_202410
完全右脚ブロック,,,10000,名詞,一般,*,*,*,*,*,*,*,medical_202410
完全房室ブロック,,,10000,名詞,一般,*,*,*,*,*,*,*,medical_202410
感染症,,,10000,名詞,一般,*,*,*,*,*,*,*,medical_202410
感染性心内膜炎,,,10000,名詞,一般,*,*,*,*,*,*,*,medical_202410
感冒,,,10000,名詞,一般,*,*,*,*,*,*,*,medical_202410
汗疹,,,10000,名詞,一般,*,*,*,*,*,*,*,medical_202410
汗貯留症候群,,,10000,名詞,一般,*,*,*,*,*,*,*,medical_202410
肝レンズ核変性症,,,10000,名詞,一般,*,*,*,*,*,*,*,medical_202410
肝炎,,,10000,名詞,一般,*,*,*,*,*,*,*,medical_202410
肝硬変,,,10000,名詞,一般,*,*,*,*,*,*,*,medical_202410
肝細胞癌,,,10000,名詞,一般,*,*,*,*,*,*,*,medical_202410
肝臓ガン,,,10000,名詞,一般,*,*,*,*,*,*,*,medical_202410
肝臓がん,,,10000,名詞,一般,*,*,*,*,*,*,*,medical_202410
肝臓癌,,,10000,名詞,一般,*,*,*,*,*,*,*,medical_202410
肝斑,,,10000,名詞,一般,*,*,*,*,*,*,*,medical_202410
間欠性跛行,,,10000,名詞,一般,*,*,*,*,*,*,*,medical_202410
関節炎,,,10000,名詞,一般,*,*,*,*,*,*,*,medical_202410
関節症,,,10000,名詞,一般,*,*,*,*,*,*,*,medical_202410
癌,,,10000,名詞,一般,*,*,*,*,*,*,*,medical_202410
眼皮膚白皮症,,,10000,名詞,一般,*,*,*,*,*,*,*,medical_202410
気管支喘息,,,10000,名詞,一般,*,*,*,*,*,*,*,medical_202410
偽性低アルドステロン症,,,10000,名詞,一般,*,*,*,*,*,*,*,medical_202410
急性アルコール中毒,,,10000,名詞,一般,*,*,*,*,*,*,*,medical_202410
急性リンパ性白血病,,,10000,名詞,一般,*,*,*,*,*,*,*,medical_202410
急性炎症性脱髄性多発神経根炎,,,10000,名詞,一般,*,*,*,*,*,*,*,medical_202410
急性灰白質髄炎,,,10000,名詞,一般,*,*,*,*,*,*,*,medical_202410
急性灰白髄炎,,,10000,名詞,一般,*,*,*,*,*,*,*,medical_202410
急性骨髄性白血病,,,10000,名詞,一般,*,*,*,*,*,*,*,medical_202410
急性細菌性心内膜炎,,,10000,名詞,一般,*,*,*,*,*,*,*,medical_202410
急性糸球体腎炎,,,10000,名詞,一般,*,*,*,*,*,*,*,medical_202410
急性心筋梗塞,,,10000,名詞,一般,*,*,*,*,*,*,*,medical_202410
急性腎不全,,,10000,名詞,一般,*,*,*,*,*,*,*,medical_202410
急性前骨髄性白血病,,,10000,名詞,一般,*,*,*,*,*,*,*,medical_202410
牛海綿状脳症,,,10000,名詞,一般,*,*,*,*,*,*,*,medical_202410
巨大肥厚性胃炎,,,10000,名詞,一般,*,*,*,*,*,*,*,medical_202410
虚血性心疾患,,,10000,名詞,一般,*,*,*,*,*,*,*,medical_202410
魚の目,,,10000,名詞,一般,*,*,*,*,*,*,*,medical_202410
魚鱗癬,,,10000,名詞,一般,*,*,*,*,*,*,*,medical_202410
強皮症,,,10000,名詞,一般,*,*,*,*,*,*,*,medical_202410
橋本病,,,10000,名詞,一般,*,*,*,*,*,*,*,medical_202410
狂牛病,,,10000,名詞,一般,*,*,*,*,*,*,*,medical_202410
狂犬病,,,10000,名詞,一般,*,*,*,*,*,*,*,medical_202410
狭心症,,,10000,名詞,一般,*,*,*,*,*,*,*,medical_202410
胸腺低形成症,,,10000,名詞,一般,*,*,*,*,*,*,*,medical_202410
筋ジストロフィー,,,10000,名詞,一般,*,*,*,*,*,*,*,medical_202410
筋萎縮性側索硬化症,,,10000,名詞,一般,*,*,*,*,*,*,*,medical_202410
鶏眼,,,10000,名詞,一般,*,*,*,*,*,*,*,medical_202410
結核,,,10000,名詞,一般,*,*,*,*,*,*,*,medical_202410
結節性硬化症,,,10000,名詞,一般,*,*,*,*,*,*,*,medical_202410
結節性動脈周囲炎,,,10000,名詞,一般,*,*,*,*,*,*,*,medical_202410
血小板無力症,,,10000,名詞,一般,*,*,*,*,*,*,*,medical_202410
血栓性血小板減少性紫斑病,,,10000,名詞,一般,*,*,*,*,*,*,*,medical_202410
血友病,,,10000,名詞,一般,*,*,*,*,*,*,*,medical_202410
見張り疣,,,10000,名詞,一般,*,*,*,*,*,*,*,medical_202410
原発性アルドステロン症,,,10000,名詞,一般,*,*,*,*,*,*,*,medical_202410
呼吸器疾患,,,10000,名詞,一般,*,*,*,*,*,*,*,medical_202410
呼吸器症候群,,,10000,名詞,一般,*,*,*,*,*,*,*,medical_202410
股部白癬,,,10000,名詞,一般,*,*,*,*,*,*,*,medical_202410
五十肩,,,10000,名詞,一般,*,*,*,*,*,*,*,medical_202410
後縦靭帯骨化症,,,10000,名詞,一般,*,*,*,*,*,*,*,medical_202410
後縦靱帯硬化症,,,10000,名詞,一般,*,*,*,*,*,*,*,medical_202410
後天性免疫不全症候群,,,10000,名詞,一般,*,*,*,*,*,*,*,medical_202410
御出来,,,10000,名詞,一般,*,*,*,*,*,*,*,medical_202410
御寝小,,,10000,名詞,一般,*,*,*,*,*,*,*,medical_202410
好酸球性多発血管炎性肉芽腫症,,,10000,名詞,一般,*,*,*,*,*,*,*,medical_202410
好酸球性肉芽腫,,,10000,名詞,一般,*,*,*,*,*,*,*,medical_202410
更年期障害,,,10000,名詞,一般,*,*,*,*,*,*,*,medical_202410
甲状腺ガン,,,10000,名詞,一般,*,*,*,*,*,*,*,medical_202410
甲状腺がん,,,10000,名詞,一般,*,*,*,*,*,*,*,medical_202410
甲状腺癌,,,10000,名詞,一般,*,*,*,*,*,*,*,medical_202410
甲状腺刺激ホルモン受容体刺激型自己抗体性甲状腺機能亢進症,,,10000,名詞,一般,*,*,*,*,*,*,*,medical_202410
高安動脈炎,,,10000,名詞,一般,*,*,*,*,*,*,*,medical_202410
高安病,,,10000,名詞,一般,*,*,*,*,*,*,*,medical_202410
高血圧,,,10000,名詞,一般,*,*,*,*,*,*,*,medical_202410
高血圧症,,,10000,名詞,一般,*,*,*,*,*,*,*,medical_202410
高脂血症,,,10000,名詞,一般,*,*,*,*,*,*,*,medical_202410
高次脳機能障害,,,10000,名詞,一般,*,*,*,*,*,*,*,medical_202410
高所恐怖症,,,10000,名詞,一般,*,*,*,*,*,*,*,medical_202410
黒死病,,,10000,名詞,一般,*,*,*,*,*,*,*,medical_202410
黒痣,,,10000,名詞,一般,*,*,*,*,*,*,*,medical_202410
腰痛,,,10000,名詞,一般,*,*,*,*,*,*,*,medical_202410
腰痛症,,,10000,名詞,一般,*,*,*,*,*,*,*,medical_202410
腰部脊柱管狭窄症,,,10000,名詞,一般,*,*,*,*,*,*,*,medical_202410
骨形成不全症,,,10000,名詞,一般,*,*,*,*,*,*,*,medical_202410
骨粗鬆症,,,10000,名詞,一般,*,*,*,*,*,*,*,medical_202410
坐骨神経痛,,,10000,名詞,一般,*,*,*,*,*,*,*,medical_202410
挫滅症候群,,,10000,名詞,一般,*,*,*,*,*,*,*,medical_202410
再生不良性貧血,,,10000,名詞,一般,*,*,*,*,*,*,*,medical_202410
鮫肌,,,10000,名詞,一般,*,*,*,*,*,*,*,medical_202410
三尖弁狭窄症,,,10000,名詞,一般,*,*,*,*,*,*,*,medical_202410
三尖弁閉鎖不全症,,,10000,名詞,一般,*,*,*,*,*,*,*,medical_202410
三日麻疹,,,10000,名詞,一般,*,*,*,*,*,*,*,medical_202410
酸欠,,,10000,名詞,一般,*,*,*,*,*,*,*,medical_202410
酸素欠乏症,,,10000,名詞,一般,*,*,*,*,*,*,*,medical_202410
四十肩,,,10000,名詞,一般,*,*,*,*,*,*,*,medical_202410
子宮筋腫,,,10000,名詞,一般,*,*,*,*,*,*,*,medical_202410
子宮内膜炎,,,10000,名詞,一般,*,*,*,*,*,*,*,medical_202410
子宮肉腫,,,10000,名詞,一般,*,*,*,*,*,*,*,medical_202410
子宮頸ガン,,,10000,名詞,一般,*,*,*,*,*,*,*,medical_202410
子宮頸がん,,,10000,名詞,一般,*,*,*,*,*,*,*,medical_202410
子宮頸癌,,,10000,名詞,一般,*,*,*,*,*,*,*,medical_202410
死の四重奏,,,10000,名詞,一般,*,*,*,*,*,*,*,medical_202410
紫斑病,,,10000,名詞,一般,*,*,*,*,*,*,*,medical_202410
脂肪肝,,,10000,名詞,一般,*,*,*,*,*,*,*,medical_202410
脂漏性角化症,,,10000,名詞,一般,*,*,*,*,*,*,*,medical_202410
歯垢,,,10000,名詞,一般,*,*,*,*,*,*,*,medical_202410
歯根嚢胞,,,10000,名詞,一般,*,*,*,*,*,*,*,medical_202410
歯周病,,,10000,名詞,一般,*,*,*,*,*,*,*,medical_202410
歯槽膿漏,,,10000,名詞,一般,*,*,*,*,*,*,*,medical_202410
歯糞,,,10000,名詞,一般,*,*,*,*,*,*,*,medical_202410
持続勃起症,,,10000,名詞,一般,*,*,*,*,*,*,*,medical_202410
痔,,,10000,名詞,一般,*,*,*,*,*,*,*,medical_202410
自然気胸,,,10000,名詞,一般,*,*,*,*,*,*,*,medical_202410
自閉症,,,10000,名詞,一般,*,*,*,*,*,*,*,medical_202410
自律神経失調症,,,10000,名詞,一般,*,*,*,*,*,*,*,medical_202410
疾患,,,10000,名詞,一般,*,*,*,*,*,*,*,medical_202410
若禿,,,10000,名詞,一般,*,*,*,*,*,*,*,medical_202410
若年性関節リウマチ,,,10000,名詞,一般,*,*,*,*,*,*,*,medical_202410
若年性骨粗鬆症,,,10000,名詞,一般,*,*,*,*,*,*,*,medical_202410
腫瘍,,,10000,名詞,一般,*,*,*,*,*,*,*,medical_202410
十円禿,,,10000,名詞,一般,*,*,*,*,*,*,*,medical_202410
十二指腸潰瘍,,,10000,名詞,一般,*,*,*,*,*,*,*,medical_202410
重症急性呼吸器症候群,,,10000,名詞,一般,*,*,*,*,*,*,*,medical_202410
重症筋無力症,,,10000,名詞,一般,*,*,*,*,*,*,*,medical_202410
出臍,,,10000,名詞,一般,*,*,*,*,*,*,*,medical_202410
徐脈,,,10000,名詞,一般,*,*,*,*,*,*,*,medical_202410
小児ガン,,,10000,名詞,一般,*,*,*,*,*,*,*,medical_202410
小児がん,,,10000,名詞,一般,*,*,*,*,*,*,*,medical_202410
小児急性熱性皮膚粘膜リンパ節症候群,,,10000,名詞,一般,*,*,*,*,*,*,*,medical_202410
小腸ガン,,,10000,名詞,一般,*,*,*,*,*,*,*,medical_202410
小腸がん,,,10000,名詞,一般,*,*,*,*,*,*,*,medical_202410
小腸癌,,,10000,名詞,一般,*,*,*,*,*,*,*,medical_202410
床擦れ,,,10000,名詞,一般,*,*,*,*,*,*,*,medical_202410
上顎洞癌,,,10000,名詞,一般,*,*,*,*,*,*,*,medical_202410
上腕骨外側上顆炎,,,10000,名詞,一般,*,*,*,*,*,*,*,medical_202410
常染色体性優性多発性嚢胞腎,,,10000,名詞,一般,*,*,*,*,*,*,*,medical_202410
常染色体性劣性多発性嚢胞腎,,,10000,名詞,一般,*,*,*,*,*,*,*,medical_202410
常染色体優性多発性嚢胞腎,,,10000,名詞,一般,*,*,*,*,*,*,*,medical_202410
常染色体劣性多発性嚢胞腎,,,10000,名詞,一般,*,*,*,*,*,*,*,medical_202410
色素性母斑,,,10000,名詞,一般,*,*,*,*,*,*,*,medical_202410
食思不振,,,10000,名詞,一般,*,*,*,*,*,*,*,medical_202410
食中毒,,,10000,名詞,一般,*,*,*,*,*,*,*,medical_202410
食道ガン,,,10000,名詞,一般,*,*,*,*,*,*,*,medical_202410
食道がん,,,10000,名詞,一般,*,*,*,*,*,*,*,medical_202410
食道癌,,,10000,名詞,一般,*,*,*,*,*,*,*,medical_202410
食欲不振,,,10000,名詞,一般,*,*,*,*,*,*,*,medical_202410
寝小便,,,10000,名詞,一般,*,*,*,*,*,*,*,medical_202410
心筋梗塞,,,10000,名詞,一般,*,*,*,*,*,*,*,medical_202410
心室期外収縮,,,10000,名詞,一般,*,*,*,*,*,*,*,medical_202410
心室性期外収縮,,,10000,名詞,一般,*,*,*,*,*,*,*,medical_202410
心室中隔欠損症,,,10000,名詞,一般,*,*,*,*,*,*,*,medical_202410
心身症,,,10000,名詞,一般,*,*,*,*,*,*,*,medical_202410
心内膜炎,,,10000,名詞,一般,*,*,*,*,*,*,*,medical_202410
心不全,,,10000,名詞,一般,*,*,*,*,*,*,*,medical_202410
心房細動,,,10000,名詞,一般,*,*,*,*,*,*,*,medical_202410
心房中隔欠損症,,,10000,名詞,一般,*,*,*,*,*,*,*,medical_202410
新生児一過性多呼吸,,,10000,名詞,一般,*,*,*,*,*,*,*,medical_202410
神経因性膀胱機能障害,,,10000,名詞,一般,*,*,*,*,*,*,*,medical_202410
神経障害,,,10000,名詞,一般,*,*,*,*,*,*,*,medical_202410
神経性進行性筋萎縮症,,,10000,名詞,一般,*,*,*,*,*,*,*,medical_202410
進行性核上性麻痺,,,10000,名詞,一般,*,*,*,*,*,*,*,medical_202410
進行性筋ジストロフィー症,,,10000,名詞,一般,*,*,*,*,*,*,*,medical_202410
進行性全身性硬化症,,,10000,名詞,一般,*,*,*,*,*,*,*,medical_202410
進行性肥厚性間質ニューロパチー,,,10000,名詞,一般,*,*,*,*,*,*,*,medical_202410
尋常性座瘡,,,10000,名詞,一般,*,*,*,*,*,*,*,medical_202410
尋常性白斑,,,10000,名詞,一般,*,*,*,*,*,*,*,medical_202410
腎芽細胞腫,,,10000,名詞,一般,*,*,*,*,*,*,*,medical_202410
腎芽腫,,,10000,名詞,一般,*,*,*,*,*,*,*,medical_202410
腎機能障害,,,10000,名詞,一般,*,*,*,*,*,*,*,medical_202410
腎性骨異栄養症,,,10000,名詞,一般,*,*,*,*,*,*,*,medical_202410
腎臓ガン,,,10000,名詞,一般,*,*,*,*,*,*,*,medical_202410
腎臓がん,,,10000,名詞,一般,*,*,*,*,*,*,*,medical_202410
腎臓癌,,,10000,名詞,一般,*,*,*,*,*,*,*,medical_202410
腎不全,,,10000,名詞,一般,*,*,*,*,*,*,*,medical_202410
腎盂ガン,,,10000,名詞,一般,*,*,*,*,*,*,*,medical_202410
腎盂がん,,,10000,名詞,一般,*,*,*,*,*,*,*,medical_202410
腎盂癌,,,10000,名詞,一般,*,*,*,*,*,*,*,medical_202410
垂井病,,,10000,名詞,一般,*,*,*,*,*,*,*,medical_202410
水虫,,,10000,名詞,一般,*,*,*,*,*,*,*,medical_202410
水痘,,,10000,名詞,一般,*,*,*,*,*,*,*,medical_202410
水頭症,,,10000,名詞,一般,*,*,*,*,*,*,*,medical_202410
水俣病,,,10000,名詞,一般,*,*,*,*,*,*,*,medical_202410
水疣,,,10000,名詞,一般,*,*,*,*,*,*,*,medical_202410
水疱瘡,,,10000,名詞,一般,*,*,*,*,*,*,*,medical_202410
雀斑,,,10000,名詞,一般,*,*,*,*,*,*,*,medical_202410
雀卵斑,,,10000,名詞,一般,*,*,*,*,*,*,*,medical_202410
性感染症,,,10000,名詞,一般,*,*,*,*,*,*,*,medical_202410
性同一性障害,,,10000,名詞,一般,*,*,*,*,*,*,*,medical_202410
成人病,,,10000,名詞,一般,*,*,*,*,*,*,*,medical_202410
生活習慣病,,,10000,名詞,一般,*,*,*,*,*,*,*,medical_202410
精神発達遅滞,,,10000,名詞,一般,*,*,*,*,*,*,*,medical_202410
精神分裂病,,,10000,名詞,一般,*,*,*,*,*,*,*,medical_202410
脊髄性筋萎縮症,,,10000,名詞,一般,*,*,*,*,*,*,*,medical_202410
脊髄性進行性筋萎縮症III型,,,10000,名詞,一般,*,*,*,*,*,*,*,medical_202410
脊髄性進行性筋萎縮症I型,,,10000,名詞,一般,*,*,*,*,*,*,*,medical_202410
脊柱管狭窄症,,,10000,名詞,一般,*,*,*,*,*,*,*,medical_202410
脊椎後弯症,,,10000,名詞,一般,*,*,*,*,*,*,*,medical_202410
切れ痔,,,10000,名詞,一般,*,*,*,*,*,*,*,medical_202410
接触性皮膚炎,,,10000,名詞,一般,*,*,*,*,*,*,*,medical_202410
先天性ガラクトセルブロシダーゼ欠損症,,,10000,名詞,一般,*,*,*,*,*,*,*,medical_202410
先天性グルコセルブロシダーゼ欠損症,,,10000,名詞,一般,*,*,*,*,*,*,*,medical_202410
先天性甲状腺機能低下症,,,10000,名詞,一般,*,*,*,*,*,*,*,medical_202410
先天性白皮症,,,10000,名詞,一般,*,*,*,*,*,*,*,medical_202410
川崎病,,,10000,名詞,一般,*,*,*,*,*,*,*,medical_202410
染色体異常,,,10000,名詞,一般,*,*,*,*,*,*,*,medical_202410
前立腺ガン,,,10000,名詞,一般,*,*,*,*,*,*,*,medical_202410
前立腺がん,,,10000,名詞,一般,*,*,*,*,*,*,*,medical_202410
前立腺癌,,,10000,名詞,一般,*,*,*,*,*,*,*,medical_202410
前立腺肥大,,,10000,名詞,一般,*,*,*,*,*,*,*,medical_202410
前立腺肥大症,,,10000,名詞,一般,*,*,*,*,*,*,*,medical_202410
全身強直症候群,,,10000,名詞,一般,*,*,*,*,*,*,*,medical_202410
全身硬直症候群,,,10000,名詞,一般,*,*,*,*,*,*,*,medical_202410
全身性エリテマトーデス,,,10000,名詞,一般,*,*,*,*,*,*,*,medical_202410
全身性ループスエリテマトーデス,,,10000,名詞,一般,*,*,*,*,*,*,*,medical_202410
全身性強皮症,,,10000,名詞,一般,*,*,*,*,*,*,*,medical_202410
全身性硬化症,,,10000,名詞,一般,*,*,*,*,*,*,*,medical_202410
僧帽弁狭窄症,,,10000,名詞,一般,*,*,*,*,*,*,*,medical_202410
僧帽弁閉鎖不全症,,,10000,名詞,一般,*,*,*,*,*,*,*,medical_202410
双極性障害,,,10000,名詞,一般,*,*,*,*,*,*,*,medical_202410
壮年性脱毛症,,,10000,名詞,一般,*,*,*,*,*,*,*,medical_202410
霜焼,,,10000,名詞,一般,*,*,*,*,*,*,*,medical_202410
足白癬,,,10000,名詞,一般,*,*,*,*,*,*,*,medical_202410
多動性障害,,,10000,名詞,一般,*,*,*,*,*,*,*,medical_202410
多発性硬化症,,,10000,名詞,一般,*,*,*,*,*,*,*,medical_202410
多発性骨髄腫,,,10000,名詞,一般,*,*,*,*,*,*,*,medical_202410
多発性内分泌腫瘍症,,,10000,名詞,一般,*,*,*,*,*,*,*,medical_202410
多発性嚢胞腎,,,10000,名詞,一般,*,*,*,*,*,*,*,medical_202410
唾液腺ガン,,,10000,名詞,一般,*,*,*,*,*,*,*,medical_202410
唾液腺がん,,,10000,名詞,一般,*,*,*,*,*,*,*,medical_202410
唾液腺癌,,,10000,名詞,一般,*,*,*,*,*,*,*,medical_202410
体部白癬,,,10000,名詞,一般,*,*,*,*,*,*,*,medical_202410
帯下,,,10000,名詞,一般,*,*,*,*,*,*,*,medical_202410
帯状疱疹,,,10000,名詞,一般,*,*,*,*,*,*,*,medical_202410
代謝症候群,,,10000,名詞,一般,*,*,*,*,*,*,*,medical_202410
大腿骨頭骨端線離開,,,10000,名詞,一般,*,*,*,*,*,*,*,medical_202410
大腿骨頭辷り症,,,10000,名詞,一般,*,*,*,*,*,*,*,medical_202410
大腸ガン,,,10000,名詞,一般,*,*,*,*,*,*,*,medical_202410
大腸がん,,,10000,名詞,一般,*,*,*,*,*,*,*,medical_202410
大腸癌,,,10000,名詞,一般,*,*,*,*,*,*,*,medical_202410
大動脈炎症候群,,,10000,名詞,一般,*,*,*,*,*,*,*,medical_202410
大動脈下狭窄症,,,10000,名詞,一般,*,*,*,*,*,*,*,medical_202410
大動脈弁逆流,,,10000,名詞,一般,*,*,*,*,*,*,*,medical_202410
大動脈弁狭窄及び閉鎖不全症,,,10000,名詞,一般,*,*,*,*,*,*,*,medical_202410
大動脈弁狭窄兼閉鎖不全症,,,10000,名詞,一般,*,*,*,*,*,*,*,medical_202410
大動脈弁狭窄症,,,10000,名詞,一般,*,*,*,*,*,*,*,medical_202410
大動脈弁閉鎖不全,,,10000,名詞,一般,*,*,*,*,*,*,*,medical_202410
大動脈弁閉鎖不全症,,,10000,名詞,一般,*,*,*,*,*,*,*,medical_202410
大理石様皮斑,,,10000,名詞,一般,*,*,*,*,*,*,*,medical_202410
単純性粃糠疹,,,10000,名詞,一般,*,*,*,*,*,*,*,medical_202410
炭疽症,,,10000,名詞,一般,*,*,*,*,*,*,*,medical_202410
胆道ガン,,,10000,名詞,一般,*,*,*,*,*,*,*,medical_202410
胆道がん,,,10000,名詞,一般,*,*,*,*,*,*,*,medical_202410
胆道癌,,,10000,名詞,一般,*,*,*,*,*,*,*,medical_202410
男性恐怖症,,,10000,名詞,一般,*,*,*,*,*,*,*,medical_202410
知的障害,,,10000,名詞,一般,*,*,*,*,*,*,*,medical_202410
蜘蛛膜下出血,,,10000,名詞,一般,*,*,*,*,*,*,*,medical_202410
中皮腫,,,10000,名詞,一般,*,*,*,*,*,*,*,medical_202410
中風,,,10000,名詞,一般,*,*,*,*,*,*,*,medical_202410
注意欠陥・多動性障害,,,10000,名詞,一般,*,*,*,*,*,*,*,medical_202410
注意欠陥障害,,,10000,名詞,一般,*,*,*,*,*,*,*,medical_202410
虫歯,,,10000,名詞,一般,*,*,*,*,*,*,*,medical_202410
虫垂炎,,,10000,名詞,一般,*,*,*,*,*,*,*,medical_202410
腸管出血性大腸菌感染症,,,10000,名詞,一般,*,*,*,*,*,*,*,medical_202410
鳥インフル,,,10000,名詞,一般,*,*,*,*,*,*,*,medical_202410
鳥インフルエンザ,,,10000,名詞,一般,*,*,*,*,*,*,*,medical_202410
鳥目,,,10000,名詞,一般,*,*,*,*,*,*,*,medical_202410
陳旧性心筋梗塞,,,10000,名詞,一般,*,*,*,*,*,*,*,medical_202410
痛風,,,10000,名詞,一般,*,*,*,*,*,*,*,medical_202410
潰瘍性大腸炎,,,10000,名詞,一般,*,*,*,*,*,*,*,medical_202410
爪水虫,,,10000,名詞,一般,*,*,*,*,*,*,*,medical_202410
爪白癬,,,10000,名詞,一般,*,*,*,*,*,*,*,medical_202410
低血圧,,,10000,名詞,一般,*,*,*,*,*,*,*,medical_202410
天然痘,,,10000,名詞,一般,*,*,*,*,*,*,*,medical_202410
伝染性紅斑,,,10000,名詞,一般,*,*,*,*,*,*,*,medical_202410
伝染性耳下腺炎,,,10000,名詞,一般,*,*,*,*,*,*,*,medical_202410
伝染性軟属腫,,,10000,名詞,一般,*,*,*,*,*,*,*,medical_202410
伝染性膿痂疹,,,10000,名詞,一般,*,*,*,*,*,*,*,medical_202410
田虫,,,10000,名詞,一般,*,*,*,*,*,*,*,medical_202410
吐気,,,10000,名詞,一般,*,*,*,*,*,*,*,medical_202410
凍瘡,,,10000,名詞,一般,*,*,*,*,*,*,*,medical_202410
痘瘡,,,10000,名詞,一般,*,*,*,*,*,*,*,medical_202410
糖原病,,,10000,名詞,一般,*,*,*,*,*,*,*,medical_202410
糖原病III型,,,10000,名詞,一般,*,*,*,*,*,*,*,medical_202410
糖原病II型,,,10000,名詞,一般,*,*,*,*,*,*,*,medical_202410
糖原病IV型,,,10000,名詞,一般,*,*,*,*,*,*,*,medical_202410
糖原病I型,,,10000,名詞,一般,*,*,*,*,*,*,*,medical_202410
糖原病VII型,,,10000,名詞,一般,*,*,*,*,*,*,*,medical_202410
糖原病V型,,,10000,名詞,一般,*,*,*,*,*,*,*,medical_202410
糖質ホルモン過剰症候群,,,10000,名詞,一般,*,*,*,*,*,*,*,medical_202410
糖尿,,,10000,名詞,一般,*,*,*,*,*,*,*,medical_202410
糖尿病,,,10000,名詞,一般,*,*,*,*,*,*,*,medical_202410
統合失調症,,,10000,名詞,一般,*,*,*,*,*,*,*,medical_202410
頭痛,,,10000,名詞,一般,*,*,*,*,*,*,*,medical_202410
頭部白癬,,,10000,名詞,一般,*,*,*,*,*,*,*,medical_202410
頭頸部ガン,,,10000,名詞,一般,*,*,*,*,*,*,*,medical_202410
頭頸部がん,,,10000,名詞,一般,*,*,*,*,*,*,*,medical_202410
頭頸部癌,,,10000,名詞,一般,*,*,*,*,*,*,*,medical_202410
動脈炎,,,10000,名詞,一般,*,*,*,*,*,*,*,medical_202410
動脈粥腫,,,10000,名詞,一般,*,*,*,*,*,*,*,medical_202410
動脈管開存症,,,10000,名詞,一般,*,*,*,*,*,*,*,medical_202410
動脈硬化,,,10000,名詞,一般,*,*,*,*,*,*,*,medical_202410
動脈硬化症,,,10000,名詞,一般,*,*,*,*,*,*,*,medical_202410
動脈瘤,,,10000,名詞,一般,*,*,*,*,*,*,*,medical_202410
洞不全症候群,,,10000,名詞,一般,*,*,*,*,*,*,*,medical_202410
特発性血小板減少性紫斑病,,,10000,名詞,一般,*,*,*,*,*,*,*,medical_202410
特発性食道破裂,,,10000,名詞,一般,*,*,*,*,*,*,*,medical_202410
特発性心筋症,,,10000,名詞,一般,*,*,*,*,*,*,*,medical_202410
特発性大腿骨頭壊死症,,,10000,名詞,一般,*,*,*,*,*,*,*,medical_202410
特発性肥厚性大動脈弁下狭窄症,,,10000,名詞,一般,*,*,*,*,*,*,*,medical_202410
突発性食道破裂,,,10000,名詞,一般,*,*,*,*,*,*,*,medical_202410
突発性難聴,,,10000,名詞,一般,*,*,*,*,*,*,*,medical_202410
突発性門脈圧亢進症,,,10000,名詞,一般,*,*,*,*,*,*,*,medical_202410
内反脛骨,,,10000,名詞,一般,*,*,*,*,*,*,*,medical_202410
軟繊維腫,,,10000,名詞,一般,*,*,*,*,*,*,*,medical_202410
肉腫,,,10000,名詞,一般,*,*,*,*,*,*,*,medical_202410
日射病,,,10000,名詞,一般,*,*,*,*,*,*,*,medical_202410
日本脳炎,,,10000,名詞,一般,*,*,*,*,*,*,*,medical_202410
乳ガン,,,10000,名詞,一般,*,*,*,*,*,*,*,medical_202410
乳がん,,,10000,名詞,一般,*,*,*,*,*,*,*,medical_202410
乳癌,,,10000,名詞,一般,*,*,*,*,*,*,*,medical_202410
尿管ガン,,,10000,名詞,一般,*,*,*,*,*,*,*,medical_202410
尿管がん,,,10000,名詞,一般,*,*,*,*,*,*,*,medical_202410
尿管癌,,,10000,名詞,一般,*,*,*,*,*,*,*,medical_202410
尿路感染症,,,10000,名詞,一般,*,*,*,*,*,*,*,medical_202410
認知症,,,10000,名詞,一般,*,*,*,*,*,*,*,medical_202410
猫鳴き症候群,,,10000,名詞,一般,*,*,*,*,*,*,*,medical_202410
熱射病,,,10000,名詞,一般,*,*,*,*,*,*,*,medical_202410
熱傷,,,10000,名詞,一般,*,*,*,*,*,*,*,medical_202410
熱中症,,,10000,名詞,一般,*,*,*,*,*,*,*,medical_202410
年寄り疣,,,10000,名詞,一般,*,*,*,*,*,*,*,medical_202410
脳溢血,,,10000,名詞,一般,*,*,*,*,*,*,*,medical_202410
脳炎,,,10000,名詞,一般,*,*,*,*,*,*,*,medical_202410
脳血管疾患,,,10000,名詞,一般,*,*,*,*,*,*,*,medical_202410
脳血管障害,,,10000,名詞,一般,*,*,*,*,*,*,*,medical_202410
脳梗塞,,,10000,名詞,一般,*,*,*,*,*,*,*,medical_202410
脳室内出血,,,10000,名詞,一般,*,*,*,*,*,*,*,medical_202410
脳腫瘍,,,10000,名詞,一般,*,*,*,*,*,*,*,medical_202410
脳出血,,,10000,名詞,一般,*,*,*,*,*,*,*,medical_202410
脳性麻痺,,,10000,名詞,一般,*,*,*,*,*,*,*,medical_202410
脳脊髄液減少症,,,10000,名詞,一般,*,*,*,*,*,*,*,medical_202410
脳卒中,,,10000,名詞,一般,*,*,*,*,*,*,*,medical_202410
脳底動脈不完全栓塞,,,10000,名詞,一般,*,*,*,*,*,*,*,medical_202410
脳軟化症,,,10000,名詞,一般,*,*,*,*,*,*,*,medical_202410
脳貧血,,,10000,名詞,一般,*,*,*,*,*,*,*,medical_202410
敗血症,,,10000,名詞,一般,*,*,*,*,*,*,*,medical_202410
肺ガン,,,10000,名詞,一般,*,*,*,*,*,*,*,medical_202410
肺がん,,,10000,名詞,一般,*,*,*,*,*,*,*,medical_202410
肺炎,,,10000,名詞,一般,*,*,*,*,*,*,*,medical_202410
肺癌,,,10000,名詞,一般,*,*,*,*,*,*,*,medical_202410
肺血栓塞栓症,,,10000,名詞,一般,*,*,*,*,*,*,*,medical_202410
肺疾患,,,10000,名詞,一般,*,*,*,*,*,*,*,medical_202410
白血病,,,10000,名詞,一般,*,*,*,*,*,*,*,medical_202410
白皮症,,,10000,名詞,一般,*,*,*,*,*,*,*,medical_202410
白癜,,,10000,名詞,一般,*,*,*,*,*,*,*,medical_202410
白癬菌症,,,10000,名詞,一般,*,*,*,*,*,*,*,medical_202410
麦粒腫,,,10000,名詞,一般,*,*,*,*,*,*,*,medical_202410
皮膚ガン,,,10000,名詞,一般,*,*,*,*,*,*,*,medical_202410
皮膚がん,,,10000,名詞,一般,*,*,*,*,*,*,*,medical_202410
皮膚癌,,,10000,名詞,一般,*,*,*,*,*,*,*,medical_202410
皮膚筋炎,,,10000,名詞,一般,*,*,*,*,*,*,*,medical_202410
肥満,,,10000,名詞,一般,*,*,*,*,*,*,*,medical_202410
非A非B型肝炎,,,10000,名詞,一般,*,*,*,*,*,*,*,medical_202410
氷食症,,,10000,名詞,一般,*,*,*,*,*,*,*,medical_202410
病気,,,10000,名詞,一般,*,*,*,*,*,*,*,medical_202410
貧血,,,10000,名詞,一般,*,*,*,*,*,*,*,medical_202410
頻脈,,,10000,名詞,一般,*,*,*,*,*,*,*,medical_202410
不整脈,,,10000,名詞,一般,*,*,*,*,*,*,*,medical_202410
不眠症,,,10000,名詞,一般,*,*,*,*,*,*,*,medical_202410
浮腫,,,10000,名詞,一般,*,*,*,*,*,*,*,medical_202410
風邪,,,10000,名詞,一般,*,*,*,*,*,*,*,medical_202410
風疹,,,10000,名詞,一般,*,*,*,*,*,*,*,medical_202410
副甲状腺機能亢進症,,,10000,名詞,一般,*,*,*,*,*,*,*,medical_202410
腹部大動脈瘤,,,10000,名詞,一般,*,*,*,*,*,*,*,medical_202410
複合弁膜症,,,10000,名詞,一般,*,*,*,*,*,*,*,medical_202410
物貰い,,,10000,名詞,一般,*,*,*,*,*,*,*,medical_202410
ものもらい,,,10000,名詞,一般,*,*,*,*,*,*,*,medical_202410
物もらい,,,10000,名詞,一般,*,*,*,*,*,*,*,medical_202410
骨折,,,10000,名詞,一般,*,*,*,*,*,*,*,medical_202410
粉瘤,,,10000,名詞,一般,*,*,*,*,*,*,*,medical_202410
閉塞性血栓血管炎,,,10000,名詞,一般,*,*,*,*,*,*,*,medical_202410
閉塞性血栓性血管炎,,,10000,名詞,一般,*,*,*,*,*,*,*,medical_202410
閉塞性動脈硬化症,,,10000,名詞,一般,*,*,*,*,*,*,*,medical_202410
変形性関節症,,,10000,名詞,一般,*,*,*,*,*,*,*,medical_202410
弁狭窄症,,,10000,名詞,一般,*,*,*,*,*,*,*,medical_202410
房室ブロック,,,10000,名詞,一般,*,*,*,*,*,*,*,medical_202410
勃起障害,,,10000,名詞,一般,*,*,*,*,*,*,*,medical_202410
勃起不全,,,10000,名詞,一般,*,*,*,*,*,*,*,medical_202410
本態性動脈血栓症,,,10000,名詞,一般,*,*,*,*,*,*,*,medical_202410
麻痺,,,10000,名詞,一般,*,*,*,*,*,*,*,medical_202410
慢性リンパ性白血病,,,10000,名詞,一般,*,*,*,*,*,*,*,medical_202410
慢性原発性副腎皮質機能低下症,,,10000,名詞,一般,*,*,*,*,*,*,*,medical_202410
慢性甲状腺炎,,,10000,名詞,一般,*,*,*,*,*,*,*,medical_202410
慢性骨髄性白血病,,,10000,名詞,一般,*,*,*,*,*,*,*,medical_202410
慢性進行性外眼筋麻痺,,,10000,名詞,一般,*,*,*,*,*,*,*,medical_202410
慢性腎不全,,,10000,名詞,一般,*,*,*,*,*,*,*,medical_202410
慢性疲労症候群,,,10000,名詞,一般,*,*,*,*,*,*,*,medical_202410
慢性閉塞性肺疾患,,,10000,名詞,一般,*,*,*,*,*,*,*,medical_202410
脈なし病,,,10000,名詞,一般,*,*,*,*,*,*,*,medical_202410
毛細血管拡張性運動失調症,,,10000,名詞,一般,*,*,*,*,*,*,*,medical_202410
毛細血管拡張性失調症,,,10000,名詞,一般,*,*,*,*,*,*,*,medical_202410
毛巣洞,,,10000,名詞,一般,*,*,*,*,*,*,*,medical_202410
盲腸,,,10000,名詞,一般,*,*,*,*,*,*,*,medical_202410
盲腸炎,,,10000,名詞,一般,*,*,*,*,*,*,*,medical_202410
網状皮斑,,,10000,名詞,一般,*,*,*,*,*,*,*,medical_202410
目脂,,,10000,名詞,一般,*,*,*,*,*,*,*,medical_202410
目糞,,,10000,名詞,一般,*,*,*,*,*,*,*,medical_202410
夜尿症,,,10000,名詞,一般,*,*,*,*,*,*,*,medical_202410
夜盲症,,,10000,名詞,一般,*,*,*,*,*,*,*,medical_202410
有機水銀中毒症,,,10000,名詞,一般,*,*,*,*,*,*,*,medical_202410
落屑,,,10000,名詞,一般,*,*,*,*,*,*,*,medical_202410
卵巣ガン,,,10000,名詞,一般,*,*,*,*,*,*,*,medical_202410
卵巣がん,,,10000,名詞,一般,*,*,*,*,*,*,*,medical_202410
卵巣癌,,,10000,名詞,一般,*,*,*,*,*,*,*,medical_202410
卵巣嚢腫,,,10000,名詞,一般,*,*,*,*,*,*,*,medical_202410
流感,,,10000,名詞,一般,*,*,*,*,*,*,*,medical_202410
旅行者血栓症,,,10000,名詞,一般,*,*,*,*,*,*,*,medical_202410
良性前立腺肥大症,,,10000,名詞,一般,*,*,*,*,*,*,*,medical_202410
鱗屑,,,10000,名詞,一般,*,*,*,*,*,*,*,medical_202410
裂肛,,,10000,名詞,一般,*,*,*,*,*,*,*,medical_202410
連合弁膜症,,,10000,名詞,一般,*,*,*,*,*,*,*,medical_202410
漏斗胸,,,10000,名詞,一般,*,*,*,*,*,*,*,medical_202410
老人性痴呆症,,,10000,名詞,一般,*,*,*,*,*,*,*,medical_202410
老人性疣贅,,,10000,名詞,一般,*,*,*,*,*,*,*,medical_202410
咬耗症,,,10000,名詞,一般,*,*,*,*,*,*,*,medical_202410
喘息,,,10000,名詞,一般,*,*,*,*,*,*,*,medical_202410
鬱血性心不全,,,10000,名詞,一般,*,*,*,*,*,*,*,medical_202410
濾胞性歯嚢胞,,,10000,名詞,一般,*,*,*,*,*,*,*,medical_202410
疣,,,10000,名詞,一般,*,*,*,*,*,*,*,medical_202410
疣痔,,,10000,名詞,一般,*,*,*,*,*,*,*,medical_202410
疣贅,,,10000,名詞,一般,*,*,*,*,*,*,*,medical_202410
痂皮,,,10000,名詞,一般,*,*,*,*,*,*,*,medical_202410
痙攣,,,10000,名詞,一般,*,*,*,*,*,*,*,medical_202410
瘡蓋,,,10000,名詞,一般,*,*,*,*,*,*,*,medical_202410
癩病,,,10000,名詞,一般,*,*,*,*,*,*,*,medical_202410
癰,,,10000,名詞,一般,*,*,*,*,*,*,*,medical_202410
癲癇,,,10000,名詞,一般,*,*,*,*,*,*,*,medical_202410
胝,,,10000,名詞,一般,*,*,*,*,*,*,*,medical_202410
脛骨内側ストレス症候群,,,10000,名詞,一般,*,*,*,*,*,*,*,medical_202410
腋臭,,,10000,名詞,一般,*,*,*,*,*,*,*,medical_202410
腋臭症,,,10000,名詞,一般,*,*,*,*,*,*,*,medical_202410
腓骨筋萎縮症,,,10000,名詞,一般,*,*,*,*,*,*,*,medical_202410
胼,,,10000,名詞,一般,*,*,*,*,*,*,*,medical_202410
胼胝腫,,,10000,名詞,一般,*,*,*,*,*,*,*,medical_202410
膀胱ガン,,,10000,名詞,一般,*,*,*,*,*,*,*,medical_202410
膀胱がん,,,10000,名詞,一般,*,*,*,*,*,*,*,medical_202410
膀胱癌,,,10000,名詞,一般,*,*,*,*,*,*,*,medical_202410
膀胱機能障害,,,10000,名詞,一般,*,*,*,*,*,*,*,medical_202410
膀胱結石,,,10000,名詞,一般,*,*,*,*,*,*,*,medical_202410
膠原病,,,10000,名詞,一般,*,*,*,*,*,*,*,medical_202410
膵炎,,,10000,名詞,一般,*,*,*,*,*,*,*,medical_202410
膵臓ガン,,,10000,名詞,一般,*,*,*,*,*,*,*,medical_202410
膵臓がん,,,10000,名詞,一般,*,*,*,*,*,*,*,medical_202410
膵臓癌,,,10000,名詞,一般,*,*,*,*,*,*,*,medical_202410
臍ヘルニア,,,10000,名詞,一般,*,*,*,*,*,*,*,medical_202410
蕁麻疹,,,10000,名詞,一般,*,*,*,*,*,*,*,medical_202410
褥瘡,,,10000,名詞,一般,*,*,*,*,*,*,*,medical_202410
躁鬱病,,,10000,名詞,一般,*,*,*,*,*,*,*,medical_202410
靤皰,,,10000,名詞,一般,*,*,*,*,*,*,*,medical_202410
齲歯,,,10000,名詞,一般,*,*,*,*,*,*,*,medical_202410
齲蝕,,,10000,名詞,一般,*,*,*,*,*,*,*,medical_202410
癤,,,10000,名詞,一般,*,*,*,*,*,*,*,medical_202410
あへん煙に関する罪,,,10000,名詞,一般,*,*,*,*,*,*,*,criminal_202410
遺棄,,,10000,名詞,一般,*,*,*,*,*,*,*,criminal_202410
遺棄致死傷,,,10000,名詞,一般,*,*,*,*,*,*,*,criminal_202410
遺棄致死,,,10000,名詞,一般,*,*,*,*,*,*,*,criminal_202410
遺棄致傷,,,10000,名詞,一般,*,*,*,*,*,*,*,criminal_202410
威迫,,,10000,名詞,一般,*,*,*,*,*,*,*,criminal_202410
印章偽造,,,10000,名詞,一般,*,*,*,*,*,*,*,criminal_202410
飲料水に関する罪,,,10000,名詞,一般,*,*,*,*,*,*,*,criminal_202410
往来危険,,,10000,名詞,一般,*,*,*,*,*,*,*,criminal_202410
往来危険による汽車転覆等,,,10000,名詞,一般,*,*,*,*,*,*,*,criminal_202410
往来妨害,,,10000,名詞,一般,*,*,*,*,*,*,*,criminal_202410
往来妨害致死傷,,,10000,名詞,一般,*,*,*,*,*,*,*,criminal_202410
往来妨害致死,,,10000,名詞,一般,*,*,*,*,*,*,*,criminal_202410
往来妨害致傷,,,10000,名詞,一般,*,*,*,*,*,*,*,criminal_202410
往来を妨害,,,10000,名詞,一般,*,*,*,*,*,*,*,criminal_202410
横領,,,10000,名詞,一般,*,*,*,*,*,*,*,criminal_202410
外患,,,10000,名詞,一般,*,*,*,*,*,*,*,criminal_202410
外国国章損壊,,,10000,名詞,一般,*,*,*,*,*,*,*,criminal_202410
過失運転致死傷,,,10000,名詞,一般,*,*,*,*,*,*,*,criminal_202410
過失往来危険,,,10000,名詞,一般,*,*,*,*,*,*,*,criminal_202410
過失建造物等浸害,,,10000,名詞,一般,*,*,*,*,*,*,*,criminal_202410
過失致死傷,,,10000,名詞,一般,*,*,*,*,*,*,*,criminal_202410
過失致死,,,10000,名詞,一般,*,*,*,*,*,*,*,criminal_202410
過失致傷,,,10000,名詞,一般,*,*,*,*,*,*,*,criminal_202410
過失墜落,,,10000,名詞,一般,*,*,*,*,*,*,*,criminal_202410
加重封印等破棄等,,,10000,名詞,一般,*,*,*,*,*,*,*,criminal_202410
ガス漏出等,,,10000,名詞,一般,*,*,*,*,*,*,*,criminal_202410
ガス漏出等致死傷,,,10000,名詞,一般,*,*,*,*,*,*,*,criminal_202410
ガス漏出等致死,,,10000,名詞,一般,*,*,*,*,*,*,*,criminal_202410
ガス漏出等致傷,,,10000,名詞,一般,*,*,*,*,*,*,*,criminal_202410
監護者性交等,,,10000,名詞,一般,*,*,*,*,*,*,*,criminal_202410
監護者性交等致死傷,,,10000,名詞,一般,*,*,*,*,*,*,*,criminal_202410
監護者性交等致死,,,10000,名詞,一般,*,*,*,*,*,*,*,criminal_202410
監護者性交等致傷,,,10000,名詞,一般,*,*,*,*,*,*,*,criminal_202410
監護者わいせつ,,,10000,名詞,一般,*,*,*,*,*,*,*,criminal_202410
監護者わいせつ致死傷,,,10000,名詞,一般,*,*,*,*,*,*,*,criminal_202410
監護者わいせつ致死,,,10000,名詞,一般,*,*,*,*,*,*,*,criminal_202410
監護者わいせつ致傷,,,10000,名詞,一般,*,*,*,*,*,*,*,criminal_202410
危険運転致死傷,,,10000,名詞,一般,*,*,*,*,*,*,*,criminal_202410
危険運転致死,,,10000,名詞,一般,*,*,*,*,*,*,*,criminal_202410
危険運転致傷,,,10000,名詞,一般,*,*,*,*,*,*,*,criminal_202410
汽車転覆等,,,10000,名詞,一般,*,*,*,*,*,*,*,criminal_202410
汽車転覆等致死,,,10000,名詞,一般,*,*,*,*,*,*,*,criminal_202410
偽証,,,10000,名詞,一般,*,*,*,*,*,*,*,criminal_202410
器物損壊,,,10000,名詞,一般,*,*,*,*,*,*,*,criminal_202410
境界損壊,,,10000,名詞,一般,*,*,*,*,*,*,*,criminal_202410
恐喝,,,10000,名詞,一般,*,*,*,*,*,*,*,criminal_202410
凶器準備集合・凶器準備結集,,,10000,名詞,一般,*,*,*,*,*,*,*,criminal_202410
強制執行関係売却妨害,,,10000,名詞,一般,*,*,*,*,*,*,*,criminal_202410
強制執行行為妨害等,,,10000,名詞,一般,*,*,*,*,*,*,*,criminal_202410
強制執行妨害目的財産損壊等,,,10000,名詞,一般,*,*,*,*,*,*,*,criminal_202410
脅迫,,,10000,名詞,一般,*,*,*,*,*,*,*,criminal_202410
共謀,,,10000,名詞,一般,*,*,*,*,*,*,*,criminal_202410
業務上過失往来危険,,,10000,名詞,一般,*,*,*,*,*,*,*,criminal_202410
業務上過失致死傷,,,10000,名詞,一般,*,*,*,*,*,*,*,criminal_202410
業務上過失致死,,,10000,名詞,一般,*,*,*,*,*,*,*,criminal_202410
業務上堕胎,,,10000,名詞,一般,*,*,*,*,*,*,*,criminal_202410
業務上堕胎致死傷,,,10000,名詞,一般,*,*,*,*,*,*,*,criminal_202410
業務上堕胎致死,,,10000,名詞,一般,*,*,*,*,*,*,*,criminal_202410
強要,,,10000,名詞,一般,*,*,*,*,*,*,*,criminal_202410
虚偽告訴等,,,10000,名詞,一般,*,*,*,*,*,*,*,criminal_202410
激発物破裂,,,10000,名詞,一般,*,*,*,*,*,*,*,criminal_202410
現住建造物等浸害,,,10000,名詞,一般,*,*,*,*,*,*,*,criminal_202410
現住建造物等放火,,,10000,名詞,一般,*,*,*,*,*,*,*,criminal_202410
建造物等以外放火,,,10000,名詞,一般,*,*,*,*,*,*,*,criminal_202410
建造物等損壊,,,10000,名詞,一般,*,*,*,*,*,*,*,criminal_202410
建造物等損壊致死傷,,,10000,名詞,一般,*,*,*,*,*,*,*,criminal_202410
公契約関係競売等妨害,,,10000,名詞,一般,*,*,*,*,*,*,*,criminal_202410
公然わいせつ,,,10000,名詞,一般,*,*,*,*,*,*,*,criminal_202410
強盗・不同意性交,,,10000,名詞,一般,*,*,*,*,*,*,*,criminal_202410
強制性交,,,10000,名詞,一般,*,*,*,*,*,*,*,criminal_202410
準強制性交,,,10000,名詞,一般,*,*,*,*,*,*,*,criminal_202410
強盗,,,10000,名詞,一般,*,*,*,*,*,*,*,criminal_202410
強盗致死傷,,,10000,名詞,一般,*,*,*,*,*,*,*,criminal_202410
強盗致死,,,10000,名詞,一般,*,*,*,*,*,*,*,criminal_202410
強盗致傷,,,10000,名詞,一般,*,*,*,*,*,*,*,criminal_202410
強盗・不同意性交等致死,,,10000,名詞,一般,*,*,*,*,*,*,*,criminal_202410
公務員職権濫用,,,10000,名詞,一般,*,*,*,*,*,*,*,criminal_202410
公務執行妨害,,,10000,名詞,一般,*,*,*,*,*,*,*,criminal_202410
公務の執行を妨害する,,,10000,名詞,一般,*,*,*,*,*,*,*,criminal_202410
国交に関する罪,,,10000,名詞,一般,*,*,*,*,*,*,*,criminal_202410
昏酔強盗,,,10000,名詞,一般,*,*,*,*,*,*,*,criminal_202410
詐欺,,,10000,名詞,一般,*,*,*,*,*,*,*,criminal_202410
殺人,,,10000,名詞,一般,*,*,*,*,*,*,*,criminal_202410
事後強盗,,,10000,名詞,一般,*,*,*,*,*,*,*,criminal_202410
自己所有物浸害,,,10000,名詞,一般,*,*,*,*,*,*,*,criminal_202410
自殺関与・同意殺人,,,10000,名詞,一般,*,*,*,*,*,*,*,criminal_202410
死体損壊・遺棄,,,10000,名詞,一般,*,*,*,*,*,*,*,criminal_202410
住居侵入,,,10000,名詞,一般,*,*,*,*,*,*,*,criminal_202410
重婚,,,10000,名詞,一般,*,*,*,*,*,*,*,criminal_202410
準詐欺,,,10000,名詞,一般,*,*,*,*,*,*,*,criminal_202410
傷害,,,10000,名詞,一般,*,*,*,*,*,*,*,criminal_202410
傷害致死,,,10000,名詞,一般,*,*,*,*,*,*,*,criminal_202410
消火妨害・水防妨害,,,10000,名詞,一般,*,*,*,*,*,*,*,criminal_202410
浄水汚染,,,10000,名詞,一般,*,*,*,*,*,*,*,criminal_202410
浄水汚染等致死傷,,,10000,名詞,一般,*,*,*,*,*,*,*,criminal_202410
浄水汚染等致死,,,10000,名詞,一般,*,*,*,*,*,*,*,criminal_202410
浄水汚染等致傷,,,10000,名詞,一般,*,*,*,*,*,*,*,criminal_202410
浄水汚染致死,,,10000,名詞,一般,*,*,*,*,*,*,*,criminal_202410
浄水汚染致傷,,,10000,名詞,一般,*,*,*,*,*,*,*,criminal_202410
浄水毒物等混入,,,10000,名詞,一般,*,*,*,*,*,*,*,criminal_202410
浄水毒物混入,,,10000,名詞,一般,*,*,*,*,*,*,*,criminal_202410
辱職,,,10000,名詞,一般,*,*,*,*,*,*,*,criminal_202410
職務強要,,,10000,名詞,一般,*,*,*,*,*,*,*,criminal_202410
信書隠匿,,,10000,名詞,一般,*,*,*,*,*,*,*,criminal_202410
人身売買,,,10000,名詞,一般,*,*,*,*,*,*,*,criminal_202410
信用毀損・業務妨害,,,10000,名詞,一般,*,*,*,*,*,*,*,criminal_202410
森林窃盗,,,10000,名詞,一般,*,*,*,*,*,*,*,criminal_202410
水道汚染,,,10000,名詞,一般,*,*,*,*,*,*,*,criminal_202410
水道損壊・閉塞,,,10000,名詞,一般,*,*,*,*,*,*,*,criminal_202410
水道毒物等混入致死,,,10000,名詞,一般,*,*,*,*,*,*,*,criminal_202410
水道毒物等混入,,,10000,名詞,一般,*,*,*,*,*,*,*,criminal_202410
出水及び水利に関する罪,,,10000,名詞,一般,*,*,*,*,*,*,*,criminal_202410
水利妨害・出水危険,,,10000,名詞,一般,*,*,*,*,*,*,*,criminal_202410
窃盗,,,10000,名詞,一般,*,*,*,*,*,*,*,criminal_202410
相場操縦,,,10000,名詞,一般,*,*,*,*,*,*,*,criminal_202410
騒乱,,,10000,名詞,一般,*,*,*,*,*,*,*,criminal_202410
逮捕・監禁,,,10000,名詞,一般,*,*,*,*,*,*,*,criminal_202410
逮捕・監禁致死傷,,,10000,名詞,一般,*,*,*,*,*,*,*,criminal_202410
逮捕・監禁致死,,,10000,名詞,一般,*,*,*,*,*,*,*,criminal_202410
逮捕・監禁致傷,,,10000,名詞,一般,*,*,*,*,*,*,*,criminal_202410
堕胎,,,10000,名詞,一般,*,*,*,*,*,*,*,criminal_202410
談合,,,10000,名詞,一般,*,*,*,*,*,*,*,criminal_202410
通貨偽造,,,10000,名詞,一般,*,*,*,*,*,*,*,criminal_202410
敵前逃亡,,,10000,名詞,一般,*,*,*,*,*,*,*,criminal_202410
テロ等準備,,,10000,名詞,一般,*,*,*,*,*,*,*,criminal_202410
電子計算機使用詐欺,,,10000,名詞,一般,*,*,*,*,*,*,*,criminal_202410
同意堕胎,,,10000,名詞,一般,*,*,*,*,*,*,*,criminal_202410
同意堕胎致死傷,,,10000,名詞,一般,*,*,*,*,*,*,*,criminal_202410
同意堕胎致死,,,10000,名詞,一般,*,*,*,*,*,*,*,criminal_202410
同意堕胎致傷,,,10000,名詞,一般,*,*,*,*,*,*,*,criminal_202410
逃走,,,10000,名詞,一般,*,*,*,*,*,*,*,criminal_202410
盗品等関与,,,10000,名詞,一般,*,*,*,*,*,*,*,criminal_202410
逃亡,,,10000,名詞,一般,*,*,*,*,*,*,*,criminal_202410
特別公務員職権濫用,,,10000,名詞,一般,*,*,*,*,*,*,*,criminal_202410
特別公務員職権濫用等致死傷,,,10000,名詞,一般,*,*,*,*,*,*,*,criminal_202410
特別公務員職権濫用等致死,,,10000,名詞,一般,*,*,*,*,*,*,*,criminal_202410
特別公務員職権濫用等致傷,,,10000,名詞,一般,*,*,*,*,*,*,*,criminal_202410
特別公務員暴行陵虐,,,10000,名詞,一般,*,*,*,*,*,*,*,criminal_202410
特別背任,,,10000,名詞,一般,*,*,*,*,*,*,*,criminal_202410
賭博及び富くじに関する罪,,,10000,名詞,一般,*,*,*,*,*,*,*,criminal_202410
内乱,,,10000,名詞,一般,*,*,*,*,*,*,*,criminal_202410
背任,,,10000,名詞,一般,*,*,*,*,*,*,*,criminal_202410
破産犯,,,10000,名詞,一般,*,*,*,*,*,*,*,criminal_202410
犯人蔵匿及び証拠隠滅,,,10000,名詞,一般,*,*,*,*,*,*,*,criminal_202410
反乱,,,10000,名詞,一般,*,*,*,*,*,*,*,criminal_202410
非現住建造物等浸害,,,10000,名詞,一般,*,*,*,*,*,*,*,criminal_202410
非現住建造物等放火,,,10000,名詞,一般,*,*,*,*,*,*,*,criminal_202410
秘密を侵す,,,10000,名詞,一般,*,*,*,*,*,*,*,criminal_202410
封印等破棄,,,10000,名詞,一般,*,*,*,*,*,*,*,criminal_202410
侮辱,,,10000,名詞,一般,*,*,*,*,*,*,*,criminal_202410
不正指令電磁的記録に関する罪,,,10000,名詞,一般,*,*,*,*,*,*,*,criminal_202410
不退去,,,10000,名詞,一般,*,*,*,*,*,*,*,criminal_202410
不同意性交,,,10000,名詞,一般,*,*,*,*,*,*,*,criminal_202410
不同意性交等致死傷,,,10000,名詞,一般,*,*,*,*,*,*,*,criminal_202410
不同意性交等致死,,,10000,名詞,一般,*,*,*,*,*,*,*,criminal_202410
不同意性交等致傷,,,10000,名詞,一般,*,*,*,*,*,*,*,criminal_202410
不同意堕胎,,,10000,名詞,一般,*,*,*,*,*,*,*,criminal_202410
不同意堕胎致死傷,,,10000,名詞,一般,*,*,*,*,*,*,*,criminal_202410
不同意堕胎致死,,,10000,名詞,一般,*,*,*,*,*,*,*,criminal_202410
不同意堕胎致傷,,,10000,名詞,一般,*,*,*,*,*,*,*,criminal_202410
不同意わいせつ致死傷,,,10000,名詞,一般,*,*,*,*,*,*,*,criminal_202410
不同意わいせつ致死,,,10000,名詞,一般,*,*,*,*,*,*,*,criminal_202410
不同意わいせつ致傷,,,10000,名詞,一般,*,*,*,*,*,*,*,criminal_202410
不動産侵奪,,,10000,名詞,一般,*,*,*,*,*,*,*,criminal_202410
不同意わいせつ,,,10000,名詞,一般,*,*,*,*,*,*,*,criminal_202410
浮浪,,,10000,名詞,一般,*,*,*,*,*,*,*,criminal_202410
文書偽造,,,10000,名詞,一般,*,*,*,*,*,*,*,criminal_202410
文書等毀棄,,,10000,名詞,一般,*,*,*,*,*,*,*,criminal_202410
失火,,,10000,名詞,一般,*,*,*,*,*,*,*,criminal_202410
放火,,,10000,名詞,一般,*,*,*,*,*,*,*,criminal_202410
暴行,,,10000,名詞,一般,*,*,*,*,*,*,*,criminal_202410
謀書,,,10000,名詞,一般,*,*,*,*,*,*,*,criminal_202410
保護責任者遺棄,,,10000,名詞,一般,*,*,*,*,*,*,*,criminal_202410
保護責任者遺棄致死傷,,,10000,名詞,一般,*,*,*,*,*,*,*,criminal_202410
保護責任者遺棄致死,,,10000,名詞,一般,*,*,*,*,*,*,*,criminal_202410
保護責任者遺棄致傷,,,10000,名詞,一般,*,*,*,*,*,*,*,criminal_202410
無断駐車,,,10000,名詞,一般,*,*,*,*,*,*,*,criminal_202410
名誉毀損,,,10000,名詞,一般,*,*,*,*,*,*,*,criminal_202410
有価証券偽造,,,10000,名詞,一般,*,*,*,*,*,*,*,criminal_202410
略取・誘拐,,,10000,名詞,一般,*,*,*,*,*,*,*,criminal_202410
礼拝所及び墳墓に関する罪,,,10000,名詞,一般,*,*,*,*,*,*,*,criminal_202410
わいせつ、不同意性交等及び重婚,,,10000,名詞,一般,*,*,*,*,*,*,*,criminal_202410
わいせつ物頒布等,,,10000,名詞,一般,*,*,*,*,*,*,*,criminal_202410
賄賂,,,10000,名詞,一般,*,*,*,*,*,*,*,criminal_202410
性犯罪,,,10000,名詞,一般,*,*,*,*,*,*,*,criminal_202410
ちかん,,,10000,名詞,一般,*,*,*,*,*,*,*,criminal_202410
痴漢,,,10000,名詞,一般,*,*,*,*,*,*,*,criminal_202410
盗撮,,,10000,名詞,一般,*,*,*,*,*,*,*,criminal_202410
児童売春,,,10000,名詞,一般,*,*,*,*,*,*,*,criminal_202410
児童ポルノ,,,10000,名詞,一般,*,*,*,*,*,*,*,criminal_202410
ストーカー,,,10000,名詞,一般,*,*,*,*,*,*,*,criminal_202410
不法侵入,,,10000,名詞,一般,*,*,*,*,*,*,*,criminal_202410
ゾロアスター教,,,10000,名詞,一般,*,*,*,*,*,*,*,religion_202412
ズルワーン教,,,10000,名詞,一般,*,*,*,*,*,*,*,religion_202412
マズダク教,,,10000,名詞,一般,*,*,*,*,*,*,*,religion_202412
ミトラ教,,,10000,名詞,一般,*,*,*,*,*,*,*,religion_202412
マンダ教,,,10000,名詞,一般,*,*,*,*,*,*,*,religion_202412
サービア教徒,,,10000,名詞,一般,*,*,*,*,*,*,*,religion_202412
マニ教,,,10000,名詞,一般,*,*,*,*,*,*,*,religion_202412
グノーシス主義,,,10000,名詞,一般,*,*,*,*,*,*,*,religion_202412
ユダヤ教,,,10000,名詞,一般,*,*,*,*,*,*,*,religion_202412
パリサイ派,,,10000,名詞,一般,*,*,*,*,*,*,*,religion_202412
サドカイ派,,,10000,名詞,一般,*,*,*,*,*,*,*,religion_202412
エッセネ派,,,10000,名詞,一般,*,*,*,*,*,*,*,religion_202412
ラビ・ユダヤ教,,,10000,名詞,一般,*,*,*,*,*,*,*,religion_202412
キリスト教,,,10000,名詞,一般,*,*,*,*,*,*,*,religion_202412
アリウス派,,,10000,名詞,一般,*,*,*,*,*,*,*,religion_202412
ユニテリアン,,,10000,名詞,一般,*,*,*,*,*,*,*,religion_202412
正教会,,,10000,名詞,一般,*,*,*,*,*,*,*,religion_202412
ギリシャ正教,,,10000,名詞,一般,*,*,*,*,*,*,*,religion_202412
ギリシャ正教会,,,10000,名詞,一般,*,*,*,*,*,*,*,religion_202412
ルーマニア正教会,,,10000,名詞,一般,*,*,*,*,*,*,*,religion_202412
ロシア正教会,,,10000,名詞,一般,*,*,*,*,*,*,*,religion_202412
東方諸教会,,,10000,名詞,一般,*,*,*,*,*,*,*,religion_202412
ネストリウス派,,,10000,名詞,一般,*,*,*,*,*,*,*,religion_202412
アッシリア東方教会,,,10000,名詞,一般,*,*,*,*,*,*,*,religion_202412
非カルケドン派正教会,,,10000,名詞,一般,*,*,*,*,*,*,*,religion_202412
単性論派,,,10000,名詞,一般,*,*,*,*,*,*,*,religion_202412
合性論派,,,10000,名詞,一般,*,*,*,*,*,*,*,religion_202412
アルメニア使徒教会,,,10000,名詞,一般,*,*,*,*,*,*,*,religion_202412
コプト正教会,,,10000,名詞,一般,*,*,*,*,*,*,*,religion_202412
エチオピア正教会,,,10000,名詞,一般,*,*,*,*,*,*,*,religion_202412
シリア正教会,,,10000,名詞,一般,*,*,*,*,*,*,*,religion_202412
カトリック教会,,,10000,名詞,一般,*,*,*,*,*,*,*,religion_202412
東方典礼カトリック教会,,,10000,名詞,一般,*,*,*,*,*,*,*,religion_202412
マロン典礼カトリック教会,,,10000,名詞,一般,*,*,*,*,*,*,*,religion_202412
マロン派,,,10000,名詞,一般,*,*,*,*,*,*,*,religion_202412
復古カトリック教会,,,10000,名詞,一般,*,*,*,*,*,*,*,religion_202412
ケルト系キリスト教,,,10000,名詞,一般,*,*,*,*,*,*,*,religion_202412
聖公会,,,10000,名詞,一般,*,*,*,*,*,*,*,religion_202412
イングランド国教会,,,10000,名詞,一般,*,*,*,*,*,*,*,religion_202412
米国聖公会,,,10000,名詞,一般,*,*,*,*,*,*,*,religion_202412
プロテスタント,,,10000,名詞,一般,*,*,*,*,*,*,*,religion_202412
ルター派,,,10000,名詞,一般,*,*,*,*,*,*,*,religion_202412
改革派教会,,,10000,名詞,一般,*,*,*,*,*,*,*,religion_202412
カルヴァン主義,,,10000,名詞,一般,*,*,*,*,*,*,*,religion_202412
改革長老教会,,,10000,名詞,一般,*,*,*,*,*,*,*,religion_202412
オランダ改革派教会,,,10000,名詞,一般,*,*,*,*,*,*,*,religion_202412
長老派,,,10000,名詞,一般,*,*,*,*,*,*,*,religion_202412
スコットランド国教会,,,10000,名詞,一般,*,*,*,*,*,*,*,religion_202412
ピューリタン,,,10000,名詞,一般,*,*,*,*,*,*,*,religion_202412
クエーカー,,,10000,名詞,一般,*,*,*,*,*,*,*,religion_202412
会衆派,,,10000,名詞,一般,*,*,*,*,*,*,*,religion_202412
バプテスト,,,10000,名詞,一般,*,*,*,*,*,*,*,religion_202412
メソジスト,,,10000,名詞,一般,*,*,*,*,*,*,*,religion_202412
アルミニウス主義,,,10000,名詞,一般,*,*,*,*,*,*,*,religion_202412
救世軍,,,10000,名詞,一般,*,*,*,*,*,*,*,religion_202412
ホーリネス,,,10000,名詞,一般,*,*,*,*,*,*,*,religion_202412
ペンテコステ派,,,10000,名詞,一般,*,*,*,*,*,*,*,religion_202412
ラディカル・リフォーメーション,,,10000,名詞,一般,*,*,*,*,*,*,*,religion_202412
根本的宗教改革,,,10000,名詞,一般,*,*,*,*,*,*,*,religion_202412
アナバプテスト,,,10000,名詞,一般,*,*,*,*,*,*,*,religion_202412
再洗礼派,,,10000,名詞,一般,*,*,*,*,*,*,*,religion_202412
メノナイト,,,10000,名詞,一般,*,*,*,*,*,*,*,religion_202412
アーミッシュ,,,10000,名詞,一般,*,*,*,*,*,*,*,religion_202412
エホバの証人,,,10000,名詞,一般,*,*,*,*,*,*,*,religion_202412
末日聖徒イエス・キリスト教会,,,10000,名詞,一般,*,*,*,*,*,*,*,religion_202412
モルモン教,,,10000,名詞,一般,*,*,*,*,*,*,*,religion_202412
世界平和統一家庭連合,,,10000,名詞,一般,*,*,*,*,*,*,*,religion_202412
統一教会,,,10000,名詞,一般,*,*,*,*,*,*,*,religion_202412
クリスチャン・サイエンス,,,10000,名詞,一般,*,*,*,*,*,*,*,religion_202412
ファミリー・インターナショナル,,,10000,名詞,一般,*,*,*,*,*,*,*,religion_202412
キリスト教福音宣教会,,,10000,名詞,一般,*,*,*,*,*,*,*,religion_202412
人民寺院,,,10000,名詞,一般,*,*,*,*,*,*,*,religion_202412
ユニテリアン主義,,,10000,名詞,一般,*,*,*,*,*,*,*,religion_202412
ユニテリアン・ユニヴァーサリズム,,,10000,名詞,一般,*,*,*,*,*,*,*,religion_202412
全能神,,,10000,名詞,一般,*,*,*,*,*,*,*,religion_202412
セブンスデー・アドベンチスト教会,,,10000,名詞,一般,*,*,*,*,*,*,*,religion_202412
新エルサレム教会,,,10000,名詞,一般,*,*,*,*,*,*,*,religion_202412
神の十戒復古運動,,,10000,名詞,一般,*,*,*,*,*,*,*,religion_202412
ニューソート,,,10000,名詞,一般,*,*,*,*,*,*,*,religion_202412
イスラム教,,,10000,名詞,一般,*,*,*,*,*,*,*,religion_202412
イバード派,,,10000,名詞,一般,*,*,*,*,*,*,*,religion_202412
スンニ派,,,10000,名詞,一般,*,*,*,*,*,*,*,religion_202412
ハナフィー学派,,,10000,名詞,一般,*,*,*,*,*,*,*,religion_202412
マーリク学派,,,10000,名詞,一般,*,*,*,*,*,*,*,religion_202412
シャーフィイー学派,,,10000,名詞,一般,*,*,*,*,*,*,*,religion_202412
ハンバル学派,,,10000,名詞,一般,*,*,*,*,*,*,*,religion_202412
ワッハーブ派,,,10000,名詞,一般,*,*,*,*,*,*,*,religion_202412
シーア派,,,10000,名詞,一般,*,*,*,*,*,*,*,religion_202412
ザイド派,,,10000,名詞,一般,*,*,*,*,*,*,*,religion_202412
十二イマーム派,,,10000,名詞,一般,*,*,*,*,*,*,*,religion_202412
バーブ教,,,10000,名詞,一般,*,*,*,*,*,*,*,religion_202412
バハイ教,,,10000,名詞,一般,*,*,*,*,*,*,*,religion_202412
イスマーイール派,,,10000,名詞,一般,*,*,*,*,*,*,*,religion_202412
ムスタアリー派,,,10000,名詞,一般,*,*,*,*,*,*,*,religion_202412
ニザール派,,,10000,名詞,一般,*,*,*,*,*,*,*,religion_202412
ドゥルーズ派,,,10000,名詞,一般,*,*,*,*,*,*,*,religion_202412
アラウィー派,,,10000,名詞,一般,*,*,*,*,*,*,*,religion_202412
アレヴィー派,,,10000,名詞,一般,*,*,*,*,*,*,*,religion_202412
アフマディーヤ,,,10000,名詞,一般,*,*,*,*,*,*,*,religion_202412
ラホール派,,,10000,名詞,一般,*,*,*,*,*,*,*,religion_202412
カーディヤーン派,,,10000,名詞,一般,*,*,*,*,*,*,*,religion_202412
スーフィズム,,,10000,名詞,一般,*,*,*,*,*,*,*,religion_202412
イスラム神秘主義,,,10000,名詞,一般,*,*,*,*,*,*,*,religion_202412
ネーション・オブ・イスラム,,,10000,名詞,一般,*,*,*,*,*,*,*,religion_202412
ヒンドゥー教,,,10000,名詞,一般,*,*,*,*,*,*,*,religion_202412
シク教,,,10000,名詞,一般,*,*,*,*,*,*,*,religion_202412
バラモン教,,,10000,名詞,一般,*,*,*,*,*,*,*,religion_202412
正統バラモン六派哲学,,,10000,名詞,一般,*,*,*,*,*,*,*,religion_202412
サーンキヤ学派,,,10000,名詞,一般,*,*,*,*,*,*,*,religion_202412
ヨーガ学派,,,10000,名詞,一般,*,*,*,*,*,*,*,religion_202412
ニヤーヤ学派,,,10000,名詞,一般,*,*,*,*,*,*,*,religion_202412
ヴァイシェーシカ学派,,,10000,名詞,一般,*,*,*,*,*,*,*,religion_202412
ミーマーンサー学派,,,10000,名詞,一般,*,*,*,*,*,*,*,religion_202412
ヴェーダーンタ学派,,,10000,名詞,一般,*,*,*,*,*,*,*,religion_202412
ヴィシュヌ派,,,10000,名詞,一般,*,*,*,*,*,*,*,religion_202412
バーガヴァタ派,,,10000,名詞,一般,*,*,*,*,*,*,*,religion_202412
マドヴァ派,,,10000,名詞,一般,*,*,*,*,*,*,*,religion_202412
ヴィシュヌスヴァーミン派,,,10000,名詞,一般,*,*,*,*,*,*,*,religion_202412
ニンバールカ派,,,10000,名詞,一般,*,*,*,*,*,*,*,religion_202412
ヴァッラバーチャーリヤ派,,,10000,名詞,一般,*,*,*,*,*,*,*,religion_202412
チャイタニヤ派,,,10000,名詞,一般,*,*,*,*,*,*,*,religion_202412
パンチャラートラ派,,,10000,名詞,一般,*,*,*,*,*,*,*,religion_202412
シヴァ派,,,10000,名詞,一般,*,*,*,*,*,*,*,religion_202412
聖典シヴァ派,,,10000,名詞,一般,*,*,*,*,*,*,*,religion_202412
カシミール・シヴァ派,,,10000,名詞,一般,*,*,*,*,*,*,*,religion_202412
パーシュパタ派,,,10000,名詞,一般,*,*,*,*,*,*,*,religion_202412
獣主派,,,10000,名詞,一般,*,*,*,*,*,*,*,religion_202412
シャークタ派,,,10000,名詞,一般,*,*,*,*,*,*,*,religion_202412
女神崇拝派,,,10000,名詞,一般,*,*,*,*,*,*,*,religion_202412
ラセーシュバラ派,,,10000,名詞,一般,*,*,*,*,*,*,*,religion_202412
水銀派,,,10000,名詞,一般,*,*,*,*,*,*,*,religion_202412
リンガーヤタ派,,,10000,名詞,一般,*,*,*,*,*,*,*,religion_202412
カーパーリカ派,,,10000,名詞,一般,*,*,*,*,*,*,*,religion_202412
スマールタ派,,,10000,名詞,一般,*,*,*,*,*,*,*,religion_202412
新興宗派,,,10000,名詞,一般,*,*,*,*,*,*,*,religion_202412
ブラフモ・サマージ,,,10000,名詞,一般,*,*,*,*,*,*,*,religion_202412
プラールタナー・サマージ,,,10000,名詞,一般,*,*,*,*,*,*,*,religion_202412
アーリヤ・サマージ,,,10000,名詞,一般,*,*,*,*,*,*,*,religion_202412
神智学協会,,,10000,名詞,一般,*,*,*,*,*,*,*,religion_202412
ラーマクリシュナ・ミッション,,,10000,名詞,一般,*,*,*,*,*,*,*,religion_202412
シュリー・ナーラーヤナ法普及協会,,,10000,名詞,一般,*,*,*,*,*,*,*,religion_202412
ジャイナ教,,,10000,名詞,一般,*,*,*,*,*,*,*,religion_202412
白衣派,,,10000,名詞,一般,*,*,*,*,*,*,*,religion_202412
シュベーターンバラ,,,10000,名詞,一般,*,*,*,*,*,*,*,religion_202412
デーラーヴァーシー派,,,10000,名詞,一般,*,*,*,*,*,*,*,religion_202412
スターナクヴァーシー派,,,10000,名詞,一般,*,*,*,*,*,*,*,religion_202412
裸行派,,,10000,名詞,一般,*,*,*,*,*,*,*,religion_202412
ディガンバラ,,,10000,名詞,一般,*,*,*,*,*,*,*,religion_202412
テーラーパンティ派,,,10000,名詞,一般,*,*,*,*,*,*,*,religion_202412
ヴィスパンティ派,,,10000,名詞,一般,*,*,*,*,*,*,*,religion_202412
ロンカー派,,,10000,名詞,一般,*,*,*,*,*,*,*,religion_202412
仏教,,,10000,名詞,一般,*,*,*,*,*,*,*,religion_202412
大乗仏教,,,10000,名詞,一般,*,*,*,*,*,*,*,religion_202412
声聞乗,,,10000,名詞,一般,*,*,*,*,*,*,*,religion_202412
縁覚乗,,,10000,名詞,一般,*,*,*,*,*,*,*,religion_202412
菩薩乗,,,10000,名詞,一般,*,*,*,*,*,*,*,religion_202412
小乗,,,10000,名詞,一般,*,*,*,*,*,*,*,religion_202412
大乗,,,10000,名詞,一般,*,*,*,*,*,*,*,religion_202412
三転法輪説,,,10000,名詞,一般,*,*,*,*,*,*,*,religion_202412
初転法輪,,,10000,名詞,一般,*,*,*,*,*,*,*,religion_202412
第二転法輪,,,10000,名詞,一般,*,*,*,*,*,*,*,religion_202412
第三転法輪,,,10000,名詞,一般,*,*,*,*,*,*,*,religion_202412
顕密二教,,,10000,名詞,一般,*,*,*,*,*,*,*,religion_202412
顕教,,,10000,名詞,一般,*,*,*,*,*,*,*,religion_202412
密教,,,10000,名詞,一般,*,*,*,*,*,*,*,religion_202412
中観派,,,10000,名詞,一般,*,*,*,*,*,*,*,religion_202412
瑜伽行唯識,,,10000,名詞,一般,*,*,*,*,*,*,*,religion_202412
インド仏教,,,10000,名詞,一般,*,*,*,*,*,*,*,religion_202412
初期仏教,,,10000,名詞,一般,*,*,*,*,*,*,*,religion_202412
原始仏教,,,10000,名詞,一般,*,*,*,*,*,*,*,religion_202412
根本仏教,,,10000,名詞,一般,*,*,*,*,*,*,*,religion_202412
部派仏教,,,10000,名詞,一般,*,*,*,*,*,*,*,religion_202412
アビダルマ仏教,,,10000,名詞,一般,*,*,*,*,*,*,*,religion_202412
上座部,,,10000,名詞,一般,*,*,*,*,*,*,*,religion_202412
大衆部,,,10000,名詞,一般,*,*,*,*,*,*,*,religion_202412
説一切有部,,,10000,名詞,一般,*,*,*,*,*,*,*,religion_202412
中期仏教,,,10000,名詞,一般,*,*,*,*,*,*,*,religion_202412
後期仏教,,,10000,名詞,一般,*,*,*,*,*,*,*,religion_202412
後期大乗仏教,,,10000,名詞,一般,*,*,*,*,*,*,*,religion_202412
新仏教運動,,,10000,名詞,一般,*,*,*,*,*,*,*,religion_202412
南伝仏教,,,10000,名詞,一般,*,*,*,*,*,*,*,religion_202412
上座部仏教,,,10000,名詞,一般,*,*,*,*,*,*,*,religion_202412
南方上座部,,,10000,名詞,一般,*,*,*,*,*,*,*,religion_202412
南方分別説部,,,10000,名詞,一般,*,*,*,*,*,*,*,religion_202412
大寺派,,,10000,名詞,一般,*,*,*,*,*,*,*,religion_202412
無畏山寺派,,,10000,名詞,一般,*,*,*,*,*,*,*,religion_202412
祇多林寺派,,,10000,名詞,一般,*,*,*,*,*,*,*,religion_202412
北伝仏教,,,10000,名詞,一般,*,*,*,*,*,*,*,religion_202412
中国仏教,,,10000,名詞,一般,*,*,*,*,*,*,*,religion_202412
律宗,,,10000,名詞,一般,*,*,*,*,*,*,*,religion_202412
南山律宗,,,10000,名詞,一般,*,*,*,*,*,*,*,religion_202412
涅槃宗,,,10000,名詞,一般,*,*,*,*,*,*,*,religion_202412
天台宗,,,10000,名詞,一般,*,*,*,*,*,*,*,religion_202412
三論宗,,,10000,名詞,一般,*,*,*,*,*,*,*,religion_202412
地論宗,,,10000,名詞,一般,*,*,*,*,*,*,*,religion_202412
摂論宗,,,10000,名詞,一般,*,*,*,*,*,*,*,religion_202412
法相宗,,,10000,名詞,一般,*,*,*,*,*,*,*,religion_202412
華厳宗,,,10000,名詞,一般,*,*,*,*,*,*,*,religion_202412
浄土教,,,10000,名詞,一般,*,*,*,*,*,*,*,religion_202412
白蓮宗,,,10000,名詞,一般,*,*,*,*,*,*,*,religion_202412
禅宗,,,10000,名詞,一般,*,*,*,*,*,*,*,religion_202412
牛頭宗,,,10000,名詞,一般,*,*,*,*,*,*,*,religion_202412
保唐宗,,,10000,名詞,一般,*,*,*,*,*,*,*,religion_202412
浄衆宗,,,10000,名詞,一般,*,*,*,*,*,*,*,religion_202412
北宗,,,10000,名詞,一般,*,*,*,*,*,*,*,religion_202412
南宗,,,10000,名詞,一般,*,*,*,*,*,*,*,religion_202412
荷澤宗,,,10000,名詞,一般,*,*,*,*,*,*,*,religion_202412
洪西宗,,,10000,名詞,一般,*,*,*,*,*,*,*,religion_202412
曹洞宗,,,10000,名詞,一般,*,*,*,*,*,*,*,religion_202412
臨済宗,,,10000,名詞,一般,*,*,*,*,*,*,*,religion_202412
楊岐派,,,10000,名詞,一般,*,*,*,*,*,*,*,religion_202412
黄龍派,,,10000,名詞,一般,*,*,*,*,*,*,*,religion_202412
雲門宗,,,10000,名詞,一般,*,*,*,*,*,*,*,religion_202412
法眼宗,,,10000,名詞,一般,*,*,*,*,*,*,*,religion_202412
い仰宗,,,10000,名詞,一般,*,*,*,*,*,*,*,religion_202412
曹渓宗,,,10000,名詞,一般,*,*,*,*,*,*,*,religion_202412
成実宗,,,10000,名詞,一般,*,*,*,*,*,*,*,religion_202412
倶舎宗,,,10000,名詞,一般,*,*,*,*,*,*,*,religion_202412
真言宗,,,10000,名詞,一般,*,*,*,*,*,*,*,religion_202412
東寺,,,10000,名詞,一般,*,*,*,*,*,*,*,religion_202412
東寺派,,,10000,名詞,一般,*,*,*,*,*,*,*,religion_202412
高野山真言宗,,,10000,名詞,一般,*,*,*,*,*,*,*,religion_202412
長谷寺,,,10000,名詞,一般,*,*,*,*,*,*,*,religion_202412
豊山派,,,10000,名詞,一般,*,*,*,*,*,*,*,religion_202412
智積院,,,10000,名詞,一般,*,*,*,*,*,*,*,religion_202412
智山派,,,10000,名詞,一般,*,*,*,*,*,*,*,religion_202412
仁和寺,,,10000,名詞,一般,*,*,*,*,*,*,*,religion_202412
御室派,,,10000,名詞,一般,*,*,*,*,*,*,*,religion_202412
醍醐寺,,,10000,名詞,一般,*,*,*,*,*,*,*,religion_202412
醍醐派,,,10000,名詞,一般,*,*,*,*,*,*,*,religion_202412
大覚寺,,,10000,名詞,一般,*,*,*,*,*,*,*,religion_202412
大覚寺派,,,10000,名詞,一般,*,*,*,*,*,*,*,religion_202412
善通寺,,,10000,名詞,一般,*,*,*,*,*,*,*,religion_202412
善通寺派,,,10000,名詞,一般,*,*,*,*,*,*,*,religion_202412
信貴山寺,,,10000,名詞,一般,*,*,*,*,*,*,*,religion_202412
信貴山派,,,10000,名詞,一般,*,*,*,*,*,*,*,religion_202412
圓光寺,,,10000,名詞,一般,*,*,*,*,*,*,*,religion_202412
真言律宗,,,10000,名詞,一般,*,*,*,*,*,*,*,religion_202412
延暦寺,,,10000,名詞,一般,*,*,*,*,*,*,*,religion_202412
山門派,,,10000,名詞,一般,*,*,*,*,*,*,*,religion_202412
園城寺,,,10000,名詞,一般,*,*,*,*,*,*,*,religion_202412
天台寺門宗,,,10000,名詞,一般,*,*,*,*,*,*,*,religion_202412
西教寺,,,10000,名詞,一般,*,*,*,*,*,*,*,religion_202412
天台真盛宗,,,10000,名詞,一般,*,*,*,*,*,*,*,religion_202412
四天王寺,,,10000,名詞,一般,*,*,*,*,*,*,*,religion_202412
和宗,,,10000,名詞,一般,*,*,*,*,*,*,*,religion_202412
法隆寺,,,10000,名詞,一般,*,*,*,*,*,*,*,religion_202412
聖徳宗,,,10000,名詞,一般,*,*,*,*,*,*,*,religion_202412
浅草寺,,,10000,名詞,一般,*,*,*,*,*,*,*,religion_202412
聖観音宗,,,10000,名詞,一般,*,*,*,*,*,*,*,religion_202412
聖護院,,,10000,名詞,一般,*,*,*,*,*,*,*,religion_202412
本山修験宗,,,10000,名詞,一般,*,*,*,*,*,*,*,religion_202412
浄土宗,,,10000,名詞,一般,*,*,*,*,*,*,*,religion_202412
鎮西派,,,10000,名詞,一般,*,*,*,*,*,*,*,religion_202412
西山派,,,10000,名詞,一般,*,*,*,*,*,*,*,religion_202412
浄土真宗,,,10000,名詞,一般,*,*,*,*,*,*,*,religion_202412
浄土真宗本願寺派,,,10000,名詞,一般,*,*,*,*,*,*,*,religion_202412
真宗大谷派,,,10000,名詞,一般,*,*,*,*,*,*,*,religion_202412
真宗高田派,,,10000,名詞,一般,*,*,*,*,*,*,*,religion_202412
真宗佛光寺派,,,10000,名詞,一般,*,*,*,*,*,*,*,religion_202412
真宗興正派,,,10000,名詞,一般,*,*,*,*,*,*,*,religion_202412
真宗木辺派,,,10000,名詞,一般,*,*,*,*,*,*,*,religion_202412
真宗出雲路派,,,10000,名詞,一般,*,*,*,*,*,*,*,religion_202412
真宗誠照寺派,,,10000,名詞,一般,*,*,*,*,*,*,*,religion_202412
真宗三門徒派,,,10000,名詞,一般,*,*,*,*,*,*,*,religion_202412
真宗山元派,,,10000,名詞,一般,*,*,*,*,*,*,*,religion_202412
真宗浄興寺派,,,10000,名詞,一般,*,*,*,*,*,*,*,religion_202412
浄土真宗東本願寺派,,,10000,名詞,一般,*,*,*,*,*,*,*,religion_202412
浄土真宗親鸞会,,,10000,名詞,一般,*,*,*,*,*,*,*,religion_202412
時宗,,,10000,名詞,一般,*,*,*,*,*,*,*,religion_202412
融通念仏宗,,,10000,名詞,一般,*,*,*,*,*,*,*,religion_202412
日蓮宗,,,10000,名詞,一般,*,*,*,*,*,*,*,religion_202412
日蓮正宗,,,10000,名詞,一般,*,*,*,*,*,*,*,religion_202412
創価学会,,,10000,名詞,一般,*,*,*,*,*,*,*,religion_202412
日蓮法華宗,,,10000,名詞,一般,*,*,*,*,*,*,*,religion_202412
日蓮本宗,,,10000,名詞,一般,*,*,*,*,*,*,*,religion_202412
日蓮主義仏立講,,,10000,名詞,一般,*,*,*,*,*,*,*,religion_202412
国柱会,,,10000,名詞,一般,*,*,*,*,*,*,*,religion_202412
日本山妙法寺大僧伽,,,10000,名詞,一般,*,*,*,*,*,*,*,religion_202412
南禅寺,,,10000,名詞,一般,*,*,*,*,*,*,*,religion_202412
南禅寺派,,,10000,名詞,一般,*,*,*,*,*,*,*,religion_202412
妙心寺,,,10000,名詞,一般,*,*,*,*,*,*,*,religion_202412
妙心寺派,,,10000,名詞,一般,*,*,*,*,*,*,*,religion_202412
大徳寺,,,10000,名詞,一般,*,*,*,*,*,*,*,religion_202412
大徳寺派,,,10000,名詞,一般,*,*,*,*,*,*,*,religion_202412
天龍寺,,,10000,名詞,一般,*,*,*,*,*,*,*,religion_202412
天龍寺派,,,10000,名詞,一般,*,*,*,*,*,*,*,religion_202412
相国寺,,,10000,名詞,一般,*,*,*,*,*,*,*,religion_202412
相国寺派,,,10000,名詞,一般,*,*,*,*,*,*,*,religion_202412
東福寺,,,10000,名詞,一般,*,*,*,*,*,*,*,religion_202412
東福寺派,,,10000,名詞,一般,*,*,*,*,*,*,*,religion_202412
建仁寺,,,10000,名詞,一般,*,*,*,*,*,*,*,religion_202412
建仁寺派,,,10000,名詞,一般,*,*,*,*,*,*,*,religion_202412
建長寺,,,10000,名詞,一般,*,*,*,*,*,*,*,religion_202412
建長寺派,,,10000,名詞,一般,*,*,*,*,*,*,*,religion_202412
円覚寺,,,10000,名詞,一般,*,*,*,*,*,*,*,religion_202412
円覚寺派,,,10000,名詞,一般,*,*,*,*,*,*,*,religion_202412
国泰寺,,,10000,名詞,一般,*,*,*,*,*,*,*,religion_202412
国泰寺派,,,10000,名詞,一般,*,*,*,*,*,*,*,religion_202412
佛通寺,,,10000,名詞,一般,*,*,*,*,*,*,*,religion_202412
佛通寺派,,,10000,名詞,一般,*,*,*,*,*,*,*,religion_202412
向嶽寺,,,10000,名詞,一般,*,*,*,*,*,*,*,religion_202412
向嶽寺派,,,10000,名詞,一般,*,*,*,*,*,*,*,religion_202412
方広寺,,,10000,名詞,一般,*,*,*,*,*,*,*,religion_202412
方広寺派,,,10000,名詞,一般,*,*,*,*,*,*,*,religion_202412
永源寺,,,10000,名詞,一般,*,*,*,*,*,*,*,religion_202412
永源寺派,,,10000,名詞,一般,*,*,*,*,*,*,*,religion_202412
黄檗宗,,,10000,名詞,一般,*,*,*,*,*,*,*,religion_202412
普化宗,,,10000,名詞,一般,*,*,*,*,*,*,*,religion_202412
チベット仏教,,,10000,名詞,一般,*,*,*,*,*,*,*,religion_202412
ゲルク派,,,10000,名詞,一般,*,*,*,*,*,*,*,religion_202412
サキャ派,,,10000,名詞,一般,*,*,*,*,*,*,*,religion_202412
カギュ派,,,10000,名詞,一般,*,*,*,*,*,*,*,religion_202412
ニンマ派,,,10000,名詞,一般,*,*,*,*,*,*,*,religion_202412
ヤジディ教,,,10000,名詞,一般,*,*,*,*,*,*,*,religion_202412
サマリア教,,,10000,名詞,一般,*,*,*,*,*,*,*,religion_202412
ボン教,,,10000,名詞,一般,*,*,*,*,*,*,*,religion_202412
ポン教,,,10000,名詞,一般,*,*,*,*,*,*,*,religion_202412
儒教,,,10000,名詞,一般,*,*,*,*,*,*,*,religion_202412
道教,,,10000,名詞,一般,*,*,*,*,*,*,*,religion_202412
正一教,,,10000,名詞,一般,*,*,*,*,*,*,*,religion_202412
全真教,,,10000,名詞,一般,*,*,*,*,*,*,*,religion_202412
法教,,,10000,名詞,一般,*,*,*,*,*,*,*,religion_202412
神道,,,10000,名詞,一般,*,*,*,*,*,*,*,religion_202412
神社本庁,,,10000,名詞,一般,*,*,*,*,*,*,*,religion_202412
陰陽道,,,10000,名詞,一般,*,*,*,*,*,*,*,religion_202412
土御門神道,,,10000,名詞,一般,*,*,*,*,*,*,*,religion_202412
修験道,,,10000,名詞,一般,*,*,*,*,*,*,*,religion_202412
琉球神道,,,10000,名詞,一般,*,*,*,*,*,*,*,religion_202412
カムイ信仰,,,10000,名詞,一般,*,*,*,*,*,*,*,religion_202412
黒住教,,,10000,名詞,一般,*,*,*,*,*,*,*,religion_202412
天理教,,,10000,名詞,一般,*,*,*,*,*,*,*,religion_202412
ほんぶしん,,,10000,名詞,一般,*,*,*,*,*,*,*,religion_202412
おうかんみち,,,10000,名詞,一般,*,*,*,*,*,*,*,religion_202412
ほんみち,,,10000,名詞,一般,*,*,*,*,*,*,*,religion_202412
神一條教,,,10000,名詞,一般,*,*,*,*,*,*,*,religion_202412
金光教,,,10000,名詞,一般,*,*,*,*,*,*,*,religion_202412
パーフェクトリバティー教団,,,10000,名詞,一般,*,*,*,*,*,*,*,religion_202412
リバティー教団,,,10000,名詞,一般,*,*,*,*,*,*,*,religion_202412
PL教団,,,10000,名詞,一般,*,*,*,*,*,*,*,religion_202412
大本,,,10000,名詞,一般,*,*,*,*,*,*,*,religion_202412
生長の家,,,10000,名詞,一般,*,*,*,*,*,*,*,religion_202412
立正佼成会,,,10000,名詞,一般,*,*,*,*,*,*,*,religion_202412
霊友会,,,10000,名詞,一般,*,*,*,*,*,*,*,religion_202412
大形派,,,10000,名詞,一般,*,*,*,*,*,*,*,religion_202412
松本派,,,10000,名詞,一般,*,*,*,*,*,*,*,religion_202412
いんなあとりっぷ,,,10000,名詞,一般,*,*,*,*,*,*,*,religion_202412
真如苑,,,10000,名詞,一般,*,*,*,*,*,*,*,religion_202412
日蓮宗葵講,,,10000,名詞,一般,*,*,*,*,*,*,*,religion_202412
世界救世教,,,10000,名詞,一般,*,*,*,*,*,*,*,religion_202412
世界真光文明教団,,,10000,名詞,一般,*,*,*,*,*,*,*,religion_202412
崇教真光,,,10000,名詞,一般,*,*,*,*,*,*,*,religion_202412
白光真宏会,,,10000,名詞,一般,*,*,*,*,*,*,*,religion_202412
解脱会,,,10000,名詞,一般,*,*,*,*,*,*,*,religion_202412
GLA総合本部,,,10000,名詞,一般,*,*,*,*,*,*,*,religion_202412
阿含宗,,,10000,名詞,一般,*,*,*,*,*,*,*,religion_202412
辯天宗,,,10000,名詞,一般,*,*,*,*,*,*,*,religion_202412
念佛宗三寶山無量壽寺,,,10000,名詞,一般,*,*,*,*,*,*,*,religion_202412
オウム真理教,,,10000,名詞,一般,*,*,*,*,*,*,*,religion_202412
アーレフ,,,10000,名詞,一般,*,*,*,*,*,*,*,religion_202412
細木教,,,10000,名詞,一般,*,*,*,*,*,*,*,religion_202412
大国教会,,,10000,名詞,一般,*,*,*,*,*,*,*,religion_202412
千乃正法,,,10000,名詞,一般,*,*,*,*,*,*,*,religion_202412
パナウェーブ研究所,,,10000,名詞,一般,*,*,*,*,*,*,*,religion_202412
法の華三法行,,,10000,名詞,一般,*,*,*,*,*,*,*,religion_202412
ライフスペース,,,10000,名詞,一般,*,*,*,*,*,*,*,religion_202412
冨士大石寺顕正会,,,10000,名詞,一般,*,*,*,*,*,*,*,religion_202412
日本平和神軍,,,10000,名詞,一般,*,*,*,*,*,*,*,religion_202412
カクレキリシタン,,,10000,名詞,一般,*,*,*,*,*,*,*,religion_202412
キリストの幕屋,,,10000,名詞,一般,*,*,*,*,*,*,*,religion_202412
原始福音,,,10000,名詞,一般,*,*,*,*,*,*,*,religion_202412
聖神世界宣教会,,,10000,名詞,一般,*,*,*,*,*,*,*,religion_202412
聖神中央教会,,,10000,名詞,一般,*,*,*,*,*,*,*,religion_202412
天架教,,,10000,名詞,一般,*,*,*,*,*,*,*,religion_202412
幸福の科学,,,10000,名詞,一般,*,*,*,*,*,*,*,religion_202412
新生佛教教団,,,10000,名詞,一般,*,*,*,*,*,*,*,religion_202412
輝の会,,,10000,名詞,一般,*,*,*,*,*,*,*,religion_202412
カオダイ教,,,10000,名詞,一般,*,*,*,*,*,*,*,religion_202412
ホアハオ教,,,10000,名詞,一般,*,*,*,*,*,*,*,religion_202412
ドルイド教,,,10000,名詞,一般,*,*,*,*,*,*,*,religion_202412
心霊主義,,,10000,名詞,一般,*,*,*,*,*,*,*,religion_202412
スピリティズム,,,10000,名詞,一般,*,*,*,*,*,*,*,religion_202412
ラスタファリ運動,,,10000,名詞,一般,*,*,*,*,*,*,*,religion_202412
ユニバーサルライフ,,,10000,名詞,一般,*,*,*,*,*,*,*,religion_202412
普遍生活教会,,,10000,名詞,一般,*,*,*,*,*,*,*,religion_202412
コピミズム伝道教会,,,10000,名詞,一般,*,*,*,*,*,*,*,religion_202412
アルケー教,,,10000,名詞,一般,*,*,*,*,*,*,*,religion_202412
マトリックス教,,,10000,名詞,一般,*,*,*,*,*,*,*,religion_202412
法輪大法,,,10000,名詞,一般,*,*,*,*,*,*,*,religion_202412
カーゴ・カルト,,,10000,名詞,一般,*,*,*,*,*,*,*,religion_202412
サン人の宗教,,,10000,名詞,一般,*,*,*,*,*,*,*,religion_202412
ナッ信仰,,,10000,名詞,一般,*,*,*,*,*,*,*,religion_202412
アルクトドロ教,,,10000,名詞,一般,*,*,*,*,*,*,*,religion_202412
テングリ信仰,,,10000,名詞,一般,*,*,*,*,*,*,*,religion_202412
ヨルバ系宗教,,,10000,名詞,一般,*,*,*,*,*,*,*,religion_202412
サタニズム,,,10000,名詞,一般,*,*,*,*,*,*,*,religion_202412
サタン教会,,,10000,名詞,一般,*,*,*,*,*,*,*,religion_202412
サタニック・テンプル,,,10000,名詞,一般,*,*,*,*,*,*,*,religion_202412
左道,,,10000,名詞,一般,*,*,*,*,*,*,*,religion_202412
セトの神殿,,,10000,名詞,一般,*,*,*,*,*,*,*,religion_202412
古代神秘薔薇十字団,,,10000,名詞,一般,*,*,*,*,*,*,*,religion_202412
キリスト教神秘主義,,,10000,名詞,一般,*,*,*,*,*,*,*,religion_202412
ヒンドゥー神秘主義,,,10000,名詞,一般,*,*,*,*,*,*,*,religion_202412
タントリズム,,,10000,名詞,一般,*,*,*,*,*,*,*,religion_202412
カバラ,,,10000,名詞,一般,*,*,*,*,*,*,*,religion_202412
イスラーム神秘主義,,,10000,名詞,一般,*,*,*,*,*,*,*,religion_202412
民間信仰,,,10000,名詞,一般,*,*,*,*,*,*,*,religion_202412
原始宗教,,,10000,名詞,一般,*,*,*,*,*,*,*,religion_202412
自然崇拝,,,10000,名詞,一般,*,*,*,*,*,*,*,religion_202412
祖霊崇拝,,,10000,名詞,一般,*,*,*,*,*,*,*,religion_202412
呪術,,,10000,名詞,一般,*,*,*,*,*,*,*,religion_202412
アニミズム,,,10000,名詞,一般,*,*,*,*,*,*,*,religion_202412
シャマニズム,,,10000,名詞,一般,*,*,*,*,*,*,*,religion_202412
多神教,,,10000,名詞,一般,*,*,*,*,*,*,*,religion_202412
一神教,,,10000,名詞,一般,*,*,*,*,*,*,*,religion_202412
理神論,,,10000,名詞,一般,*,*,*,*,*,*,*,religion_202412
汎神論,,,10000,名詞,一般,*,*,*,*,*,*,*,religion_202412
万有在神論,,,10000,名詞,一般,*,*,*,*,*,*,*,religion_202412
スピリチュアリティ,,,10000,名詞,一般,*,*,*,*,*,*,*,religion_202412
反宗教主義,,,10000,名詞,一般,*,*,*,*,*,*,*,religion_202412
共産主義,,,10000,名詞,一般,*,*,*,*,*,*,*,religion_202412
科学主義,,,10000,名詞,一般,*,*,*,*,*,*,*,religion_202412
不可知論,,,10000,名詞,一般,*,*,*,*,*,*,*,religion_202412
無宗教,,,10000,名詞,一般,*,*,*,*,*,*,*,religion_202412
無神論,,,10000,名詞,一般,*,*,*,*,*,*,*,religion_202412
ヒューマニズム,,,10000,名詞,一般,*,*,*,*,*,*,*,religion_202412
世俗的ヒューマニズム,,,10000,名詞,一般,*,*,*,*,*,*,*,religion_202412
宗教的ヒューマニズム,,,10000,名詞,一般,*,*,*,*,*,*,*,religion_202412
精神的ヒューマニズム,,,10000,名詞,一般,*,*,*,*,*,*,*,religion_202412
信者,,,10000,名詞,一般,*,*,*,*,*,*,*,religion_believer_noun_202412
信奉者,,,10000,名詞,一般,*,*,*,*,*,*,*,religion_believer_noun_202412
信徒,,,10000,名詞,一般,*,*,*,*,*,*,*,religion_believer_noun_202412
教徒,,,10000,名詞,一般,*,*,*,*,*,*,*,religion_believer_noun_202412
スンニ,,,10000,名詞,一般,*,*,*,*,*,*,*,religion_tuushou_202412
クリスチャン,,,10000,名詞,一般,*,*,*,*,*,*,*,religion_tuushou_202412
カトリック,,,10000,名詞,一般,*,*,*,*,*,*,*,religion_tuushou_202412
正教徒,,,10000,名詞,一般,*,*,*,*,*,*,*,religion_tuushou_202412
オーソドックス,,,10000,名詞,一般,*,*,*,*,*,*,*,religion_tuushou_202412
ムスリム,,,10000,名詞,一般,*,*,*,*,*,*,*,religion_tuushou_202412
イスラム,,,10000,名詞,一般,*,*,*,*,*,*,*,religion_tuushou_202412
シーア,,,10000,名詞,一般,*,*,*,*,*,*,*,religion_tuushou_202412
ユダヤ人,,,10000,名詞,一般,*,*,*,*,*,*,*,religion_tuushou_202412
パールシー,,,10000,名詞,一般,*,*,*,*,*,*,*,religion_tuushou_202412
オウム真理教信者,,,10000,名詞,一般,*,*,*,*,*,*,*,religion_tuushou_202412
オウム信徒,,,10000,名詞,一般,*,*,*,*,*,*,*,religion_tuushou_202412
ネグロイド,,,10000,名詞,一般,*,*,*,*,*,*,*,race_ethnic_generation_202412
カポイド,,,10000,名詞,一般,*,*,*,*,*,*,*,race_ethnic_generation_202412
ピグミー,,,10000,名詞,一般,*,*,*,*,*,*,*,race_ethnic_generation_202412
コンゴイド,,,10000,名詞,一般,*,*,*,*,*,*,*,race_ethnic_generation_202412
コーカソイド,,,10000,名詞,一般,*,*,*,*,*,*,*,race_ethnic_generation_202412
北方人種,,,10000,名詞,一般,*,*,*,*,*,*,*,race_ethnic_generation_202412
東ヨーロッパ人種,,,10000,名詞,一般,*,*,*,*,*,*,*,race_ethnic_generation_202412
アルプス人種,,,10000,名詞,一般,*,*,*,*,*,*,*,race_ethnic_generation_202412
ディナール人種,,,10000,名詞,一般,*,*,*,*,*,*,*,race_ethnic_generation_202412
地中海人種,,,10000,名詞,一般,*,*,*,*,*,*,*,race_ethnic_generation_202412
南東人種,,,10000,名詞,一般,*,*,*,*,*,*,*,race_ethnic_generation_202412
アルメノイド,,,10000,名詞,一般,*,*,*,*,*,*,*,race_ethnic_generation_202412
イラン・アフガン人種,,,10000,名詞,一般,*,*,*,*,*,*,*,race_ethnic_generation_202412
モンゴロイド,,,10000,名詞,一般,*,*,*,*,*,*,*,race_ethnic_generation_202412
北方系古モンゴロイド,,,10000,名詞,一般,*,*,*,*,*,*,*,race_ethnic_generation_202412
アイノイド,,,10000,名詞,一般,*,*,*,*,*,*,*,race_ethnic_generation_202412
南方系古モンゴロイド,,,10000,名詞,一般,*,*,*,*,*,*,*,race_ethnic_generation_202412
インドシナ人種,,,10000,名詞,一般,*,*,*,*,*,*,*,race_ethnic_generation_202412
新モンゴロイド,,,10000,名詞,一般,*,*,*,*,*,*,*,race_ethnic_generation_202412
北部モンゴロイド,,,10000,名詞,一般,*,*,*,*,*,*,*,race_ethnic_generation_202412
中部モンゴロイド,,,10000,名詞,一般,*,*,*,*,*,*,*,race_ethnic_generation_202412
南部モンゴロイド,,,10000,名詞,一般,*,*,*,*,*,*,*,race_ethnic_generation_202412
旧アジア人種,,,10000,名詞,一般,*,*,*,*,*,*,*,race_ethnic_generation_202412
エスキモー,,,10000,名詞,一般,*,*,*,*,*,*,*,race_ethnic_generation_202412
アメリンド,,,10000,名詞,一般,*,*,*,*,*,*,*,race_ethnic_generation_202412
オーストラロイド,,,10000,名詞,一般,*,*,*,*,*,*,*,race_ethnic_generation_202412
ヴェッドイド,,,10000,名詞,一般,*,*,*,*,*,*,*,race_ethnic_generation_202412
ネグリト,,,10000,名詞,一般,*,*,*,*,*,*,*,race_ethnic_generation_202412
パプア・メラネシアン,,,10000,名詞,一般,*,*,*,*,*,*,*,race_ethnic_generation_202412
アボリジニ,,,10000,名詞,一般,*,*,*,*,*,*,*,race_ethnic_generation_202412
混血,,,10000,名詞,一般,*,*,*,*,*,*,*,race_ethnic_generation_202412
ユーラシアン,,,10000,名詞,一般,*,*,*,*,*,*,*,race_ethnic_generation_202412
ツラン人種,,,10000,名詞,一般,*,*,*,*,*,*,*,race_ethnic_generation_202412
ウラル人種,,,10000,名詞,一般,*,*,*,*,*,*,*,race_ethnic_generation_202412
インドネシア・マレー人種,,,10000,名詞,一般,*,*,*,*,*,*,*,race_ethnic_generation_202412
メスティーソ,,,10000,名詞,一般,*,*,*,*,*,*,*,race_ethnic_generation_202412
エチオピア人種,,,10000,名詞,一般,*,*,*,*,*,*,*,race_ethnic_generation_202412
ムラート,,,10000,名詞,一般,*,*,*,*,*,*,*,race_ethnic_generation_202412
日系,,,10000,名詞,一般,*,*,*,*,*,*,*,race_ethnic_generation_202412
在日,,,10000,名詞,一般,*,*,*,*,*,*,*,race_ethnic_generation_202412
朝鮮系,,,10000,名詞,一般,*,*,*,*,*,*,*,race_ethnic_generation_202412
和人,,,10000,名詞,一般,*,*,*,*,*,*,*,race_ethnic_generation_202412
アイヌ,,,10000,名詞,一般,*,*,*,*,*,*,*,race_ethnic_generation_202412
琉球民族,,,10000,名詞,一般,*,*,*,*,*,*,*,race_ethnic_generation_202412
ウチナーンチュ,,,10000,名詞,一般,*,*,*,*,*,*,*,race_ethnic_generation_202412
ウチナンチュ,,,10000,名詞,一般,*,*,*,*,*,*,*,race_ethnic_generation_202412
韓国民族,,,10000,名詞,一般,*,*,*,*,*,*,*,race_ethnic_generation_202412
朝鮮民族,,,10000,名詞,一般,*,*,*,*,*,*,*,race_ethnic_generation_202412
中国民族,,,10000,名詞,一般,*,*,*,*,*,*,*,race_ethnic_generation_202412
華僑,,,10000,名詞,一般,*,*,*,*,*,*,*,race_ethnic_generation_202412
華人,,,10000,名詞,一般,*,*,*,*,*,*,*,race_ethnic_generation_202412
アフリカ先住民,,,10000,名詞,一般,*,*,*,*,*,*,*,race_ethnic_generation_202412
アフリカ系アメリカ人,,,10000,名詞,一般,*,*,*,*,*,*,*,race_ethnic_generation_202412
ベトナム系,,,10000,名詞,一般,*,*,*,*,*,*,*,race_ethnic_generation_202412
フィリピン系,,,10000,名詞,一般,*,*,*,*,*,*,*,race_ethnic_generation_202412
ロマ,,,10000,名詞,一般,*,*,*,*,*,*,*,race_ethnic_generation_202412
ジプシー,,,10000,名詞,一般,*,*,*,*,*,*,*,race_ethnic_generation_202412
部落,,,10000,名詞,一般,*,*,*,*,*,*,*,race_ethnic_generation_202412
非嫡出子,,,10000,名詞,一般,*,*,*,*,*,*,*,race_ethnic_generation_202412
捨て子,,,10000,名詞,一般,*,*,*,*,*,*,*,race_ethnic_generation_202412
連れ子,,,10000,名詞,一般,*,*,*,*,*,*,*,race_ethnic_generation_202412
養子,,,10000,名詞,一般,*,*,*,*,*,*,*,race_ethnic_generation_202412
腹違い,,,10000,名詞,一般,*,*,*,*,*,*,*,race_ethnic_generation_202412
