スンニ,,,10000,名詞,一般,*,*,*,*,*,*,*,religion_tuushou_202412
クリスチャン,,,10000,名詞,一般,*,*,*,*,*,*,*,religion_tuushou_202412
カトリック,,,10000,名詞,一般,*,*,*,*,*,*,*,religion_tuushou_202412
正教徒,,,10000,名詞,一般,*,*,*,*,*,*,*,religion_tuushou_202412
オーソドックス,,,10000,名詞,一般,*,*,*,*,*,*,*,religion_tuushou_202412
ムスリム,,,10000,名詞,一般,*,*,*,*,*,*,*,religion_tuushou_202412
イスラム,,,10000,名詞,一般,*,*,*,*,*,*,*,religion_tuushou_202412
シーア,,,10000,名詞,一般,*,*,*,*,*,*,*,religion_tuushou_202412
ユダヤ人,,,10000,名詞,一般,*,*,*,*,*,*,*,religion_tuushou_202412
パールシー,,,10000,名詞,一般,*,*,*,*,*,*,*,religion_tuushou_202412
オウム真理教信者,,,10000,名詞,一般,*,*,*,*,*,*,*,religion_tuushou_202412
オウム信徒,,,10000,名詞,一般,*,*,*,*,*,*,*,religion_tuushou_202412
